"id","date","farmsName","price","bazaar"
"49","2014-1-2","富士苹果","10.71","广东省广州市江南农副产品市场"
"135","2014-1-3","富士苹果","10.71","广东省广州市江南农副产品市场"
"198","2014-1-4","富士苹果","10.71","广东省广州市江南农副产品市场"
"282","2014-1-5","富士苹果","10.71","广东省广州市江南农副产品市场"
"341","2014-1-7","富士苹果","10.71","广东省广州市江南农副产品市场"
"489","2014-1-8","富士苹果","10.71","广东省广州市江南农副产品市场"
"502","2014-1-9","富士苹果","10.71","广东省广州市江南农副产品市场"
"586","2014-1-10","富士苹果","11.07","广东省广州市江南农副产品市场"
"695","2014-1-11","富士苹果","10.71","广东省广州市江南农副产品市场"
"716","2014-1-12","富士苹果","10.71","广东省广州市江南农副产品市场"
"839","2014-1-13","富士苹果","11.43","广东省广州市江南农副产品市场"
"878","2014-1-14","富士苹果","11.43","广东省广州市江南农副产品市场"
"993","2014-1-15","富士苹果","11.43","广东省广州市江南农副产品市场"
"1018","2014-1-16","富士苹果","11.43","广东省广州市江南农副产品市场"
"1119","2014-1-17","富士苹果","11.43","广东省广州市江南农副产品市场"
"1181","2014-1-18","富士苹果","11.43","广东省广州市江南农副产品市场"
"1256","2014-1-19","富士苹果","11.43","广东省广州市江南农副产品市场"
"1322","2014-1-20","富士苹果","11.43","广东省广州市江南农副产品市场"
"1414","2014-1-21","富士苹果","11.43","广东省广州市江南农副产品市场"
"1474","2014-1-22","富士苹果","11.43","广东省广州市江南农副产品市场"
"1591","2014-1-23","富士苹果","11.43","广东省广州市江南农副产品市场"
"1610","2014-1-24","富士苹果","11.43","广东省广州市江南农副产品市场"
"1736","2014-1-25","富士苹果","11.43","广东省广州市江南农副产品市场"
"1791","2014-1-26","富士苹果","11.43","广东省广州市江南农副产品市场"
"1876","2014-1-27","富士苹果","11.43","广东省广州市江南农副产品市场"
"1937","2014-1-28","富士苹果","12.14","广东省广州市江南农副产品市场"
"1979","2014-2-7","富士苹果","12.14","广东省广州市江南农副产品市场"
"2066","2014-2-8","富士苹果","12.36","广东省广州市江南农副产品市场"
"2124","2014-2-9","富士苹果","12.14","广东省广州市江南农副产品市场"
"2168","2014-2-10","富士苹果","12.14","广东省广州市江南农副产品市场"
"2289","2014-2-11","富士苹果","12.14","广东省广州市江南农副产品市场"
"2343","2014-2-12","富士苹果","12.14","广东省广州市江南农副产品市场"
"2392","2014-2-13","富士苹果","12.14","广东省广州市江南农副产品市场"
"2462","2014-2-14","富士苹果","12.14","广东省广州市江南农副产品市场"
"2541","2014-2-15","富士苹果","12.14","广东省广州市江南农副产品市场"
"2605","2014-2-16","富士苹果","12.14","广东省广州市江南农副产品市场"
"2702","2014-2-17","富士苹果","12.14","广东省广州市江南农副产品市场"
"2782","2014-2-18","富士苹果","13.21","广东省广州市江南农副产品市场"
"2809","2014-2-19","富士苹果","13.21","广东省广州市江南农副产品市场"
"2941","2014-2-20","富士苹果","10","广东省广州市江南农副产品市场"
"2987","2014-2-21","富士苹果","8.57","广东省广州市江南农副产品市场"
"3073","2014-2-22","富士苹果","7.14","广东省广州市江南农副产品市场"
"3138","2014-2-23","富士苹果","6.79","广东省广州市江南农副产品市场"
"3225","2014-2-24","富士苹果","6.79","广东省广州市江南农副产品市场"
"3274","2014-2-26","富士苹果","6.79","广东省广州市江南农副产品市场"
"3375","2014-2-27","富士苹果","6.07","广东省广州市江南农副产品市场"
"3465","2014-2-28","富士苹果","7.86","广东省广州市江南农副产品市场"
"3496","2014-3-1","富士苹果","9.29","广东省广州市江南农副产品市场"
"3576","2014-3-2","富士苹果","10","广东省广州市江南农副产品市场"
"3599","2014-3-3","富士苹果","11.07","广东省广州市江南农副产品市场"
"3708","2014-3-4","富士苹果","12.86","广东省广州市江南农副产品市场"
"3813","2014-3-5","富士苹果","14.29","广东省广州市江南农副产品市场"
"3892","2014-3-6","富士苹果","13.57","广东省广州市江南农副产品市场"
"3957","2014-3-7","富士苹果","14.29","广东省广州市江南农副产品市场"
"4001","2014-3-8","富士苹果","14.29","广东省广州市江南农副产品市场"
"4060","2014-3-9","富士苹果","14.29","广东省广州市江南农副产品市场"
"4127","2014-3-10","富士苹果","14.29","广东省广州市江南农副产品市场"
"4247","2014-3-11","富士苹果","14.29","广东省广州市江南农副产品市场"
"4351","2014-3-12","富士苹果","11.43","广东省广州市江南农副产品市场"
"4388","2014-3-13","富士苹果","10","广东省广州市江南农副产品市场"
"4479","2014-3-14","富士苹果","11.43","广东省广州市江南农副产品市场"
"4575","2014-3-15","富士苹果","14.29","广东省广州市江南农副产品市场"
"4628","2014-3-16","富士苹果","14.29","广东省广州市江南农副产品市场"
"4672","2014-3-17","富士苹果","14.29","广东省广州市江南农副产品市场"
"4735","2014-3-18","富士苹果","12.86","广东省广州市江南农副产品市场"
"4842","2014-3-20","富士苹果","10.36","广东省广州市江南农副产品市场"
"4961","2014-3-21","富士苹果","10.36","广东省广州市江南农副产品市场"
"5006","2014-3-22","富士苹果","10.36","广东省广州市江南农副产品市场"
"5051","2014-3-23","富士苹果","10.36","广东省广州市江南农副产品市场"
"5148","2014-3-24","富士苹果","10.36","广东省广州市江南农副产品市场"
"5181","2014-3-25","富士苹果","11.79","广东省广州市江南农副产品市场"
"5240","2014-3-26","富士苹果","11.43","广东省广州市江南农副产品市场"
"5375","2014-3-27","富士苹果","11.43","广东省广州市江南农副产品市场"
"5473","2014-3-28","富士苹果","11.43","广东省广州市江南农副产品市场"
"5492","2014-3-29","富士苹果","11.43","广东省广州市江南农副产品市场"
"5575","2014-3-30","富士苹果","11.43","广东省广州市江南农副产品市场"
"5616","2014-3-31","富士苹果","11.43","广东省广州市江南农副产品市场"
"5703","2014-4-1","富士苹果","11.43","广东省广州市江南农副产品市场"
"5751","2014-4-2","富士苹果","11.43","广东省广州市江南农副产品市场"
"5881","2014-4-3","富士苹果","11.43","广东省广州市江南农副产品市场"
"5969","2014-4-4","富士苹果","11.43","广东省广州市江南农副产品市场"
"5980","2014-4-5","富士苹果","11.43","广东省广州市江南农副产品市场"
"6062","2014-4-6","富士苹果","11.43","广东省广州市江南农副产品市场"
"6128","2014-4-7","富士苹果","11.79","广东省广州市江南农副产品市场"
"6186","2014-4-8","富士苹果","12.14","广东省广州市江南农副产品市场"
"6253","2014-4-9","富士苹果","12.14","广东省广州市江南农副产品市场"
"6362","2014-4-10","富士苹果","11.43","广东省广州市江南农副产品市场"
"6408","2014-4-12","富士苹果","11.07","广东省广州市江南农副产品市场"
"6472","2014-4-13","富士苹果","11.07","广东省广州市江南农副产品市场"
"6561","2014-4-14","富士苹果","11.07","广东省广州市江南农副产品市场"
"6642","2014-4-15","富士苹果","10.71","广东省广州市江南农副产品市场"
"6654","2014-4-16","富士苹果","10.71","广东省广州市江南农副产品市场"
"6746","2014-4-17","富士苹果","11.43","广东省广州市江南农副产品市场"
"6832","2014-4-20","富士苹果","12.86","广东省广州市江南农副产品市场"
"6883","2014-4-21","富士苹果","13.57","广东省广州市江南农副产品市场"
"6964","2014-4-22","富士苹果","13.21","广东省广州市江南农副产品市场"
"7027","2014-4-23","富士苹果","13.21","广东省广州市江南农副产品市场"
"7160","2014-4-24","富士苹果","13.93","广东省广州市江南农副产品市场"
"7185","2014-4-25","富士苹果","13.93","广东省广州市江南农副产品市场"
"7269","2014-4-26","富士苹果","14.29","广东省广州市江南农副产品市场"
"7306","2014-4-27","富士苹果","14.29","广东省广州市江南农副产品市场"
"7412","2014-4-28","富士苹果","14.29","广东省广州市江南农副产品市场"
"7467","2014-4-29","富士苹果","14.29","广东省广州市江南农副产品市场"
"7531","2014-4-30","富士苹果","13.93","广东省广州市江南农副产品市场"
"7672","2014-5-2","富士苹果","13.57","广东省广州市江南农副产品市场"
"7746","2014-5-3","富士苹果","14.29","广东省广州市江南农副产品市场"
"7818","2014-5-4","富士苹果","12.14","广东省广州市江南农副产品市场"
"7899","2014-5-5","富士苹果","11.07","广东省广州市江南农副产品市场"
"7908","2014-5-6","富士苹果","11.43","广东省广州市江南农副产品市场"
"7985","2014-5-7","富士苹果","11.14","广东省广州市江南农副产品市场"
"8083","2014-5-8","富士苹果","12.14","广东省广州市江南农副产品市场"
"8159","2014-5-9","富士苹果","12.86","广东省广州市江南农副产品市场"
"8266","2014-5-10","富士苹果","15","广东省广州市江南农副产品市场"
"8307","2014-5-12","富士苹果","15","广东省广州市江南农副产品市场"
"8352","2014-5-13","富士苹果","13.21","广东省广州市江南农副产品市场"
"8454","2014-5-14","富士苹果","13.57","广东省广州市江南农副产品市场"
"8511","2014-5-15","富士苹果","13.21","广东省广州市江南农副产品市场"
"8627","2014-5-16","富士苹果","11.43","广东省广州市江南农副产品市场"
"8699","2014-5-19","富士苹果","12.86","广东省广州市江南农副产品市场"
"8768","2014-5-21","富士苹果","13.57","广东省广州市江南农副产品市场"
"8821","2014-5-22","富士苹果","13.93","广东省广州市江南农副产品市场"
"8937","2014-5-23","富士苹果","13.93","广东省广州市江南农副产品市场"
"8970","2014-5-24","富士苹果","13.57","广东省广州市江南农副产品市场"
"9010","2014-5-25","富士苹果","13.93","广东省广州市江南农副产品市场"
"9104","2014-5-27","富士苹果","13.93","广东省广州市江南农副产品市场"
"9116","2014-5-27","富士苹果","12.86","广东省广州市江南农副产品市场"
"9176","2014-5-28","富士苹果","13.21","广东省广州市江南农副产品市场"
"9247","2014-5-29","富士苹果","14.29","广东省广州市江南农副产品市场"
"9285","2014-5-30","富士苹果","13.93","广东省广州市江南农副产品市场"
"9379","2014-5-31","富士苹果","13.57","广东省广州市江南农副产品市场"
"9441","2014-6-1","富士苹果","13.57","广东省广州市江南农副产品市场"
"9467","2014-6-2","富士苹果","13.57","广东省广州市江南农副产品市场"
"9544","2014-6-3","富士苹果","14","广东省广州市江南农副产品市场"
"9609","2014-6-4","富士苹果","13.57","广东省广州市江南农副产品市场"
"9734","2014-6-5","富士苹果","14.29","广东省广州市江南农副产品市场"
"9751","2014-6-6","富士苹果","13.57","广东省广州市江南农副产品市场"
"9858","2014-6-7","富士苹果","13.71","广东省广州市江南农副产品市场"
"9895","2014-6-8","富士苹果","12.14","广东省广州市江南农副产品市场"
"9964","2014-6-9","富士苹果","12.14","广东省广州市江南农副产品市场"
"10018","2014-6-10","富士苹果","17.14","广东省广州市江南农副产品市场"
"10093","2014-6-11","富士苹果","17.14","广东省广州市江南农副产品市场"
"10204","2014-6-12","富士苹果","17.14","广东省广州市江南农副产品市场"
"10245","2014-6-13","富士苹果","17.14","广东省广州市江南农副产品市场"
"10336","2014-6-14","富士苹果","17.14","广东省广州市江南农副产品市场"
"10352","2014-6-15","富士苹果","17.14","广东省广州市江南农副产品市场"
"10425","2014-6-16","富士苹果","17.14","广东省广州市江南农副产品市场"
"10466","2014-6-17","富士苹果","14.29","广东省广州市江南农副产品市场"
"10591","2014-6-18","富士苹果","11.43","广东省广州市江南农副产品市场"
"10655","2014-6-20","富士苹果","11.43","广东省广州市江南农副产品市场"
"10691","2014-6-21","富士苹果","11.07","广东省广州市江南农副产品市场"
"10739","2014-6-22","富士苹果","13.21","广东省广州市江南农副产品市场"
"10798","2014-6-23","富士苹果","13.93","广东省广州市江南农副产品市场"
"10857","2014-6-24","富士苹果","14.29","广东省广州市江南农副产品市场"
"10965","2014-6-25","富士苹果","14.29","广东省广州市江南农副产品市场"
"11015","2014-6-26","富士苹果","14.29","广东省广州市江南农副产品市场"
"11123","2014-6-27","富士苹果","14.21","广东省广州市江南农副产品市场"
"11185","2014-6-28","富士苹果","14.43","广东省广州市江南农副产品市场"
"11196","2014-6-29","富士苹果","14.64","广东省广州市江南农副产品市场"
"11261","2014-6-30","富士苹果","13.93","广东省广州市江南农副产品市场"
"11312","2014-7-1","富士苹果","15.36","广东省广州市江南农副产品市场"
"11428","2014-7-2","富士苹果","15","广东省广州市江南农副产品市场"
"11454","2014-7-3","富士苹果","14.64","广东省广州市江南农副产品市场"
"11568","2014-7-4","富士苹果","13.93","广东省广州市江南农副产品市场"
"11626","2014-7-5","富士苹果","14.64","广东省广州市江南农副产品市场"
"11722","2014-7-7","富士苹果","13.21","广东省广州市江南农副产品市场"
"11760","2014-7-8","富士苹果","13.43","广东省广州市江南农副产品市场"
"11864","2014-7-9","富士苹果","14.64","广东省广州市江南农副产品市场"
"11932","2014-7-10","富士苹果","14.29","广东省广州市江南农副产品市场"
"12000","2014-7-11","富士苹果","14.64","广东省广州市江南农副产品市场"
"12068","2014-7-12","富士苹果","14.29","广东省广州市江南农副产品市场"
"12118","2014-7-13","富士苹果","13.57","广东省广州市江南农副产品市场"
"12174","2014-7-14","富士苹果","13.57","广东省广州市江南农副产品市场"
"12252","2014-7-15","富士苹果","13.36","广东省广州市江南农副产品市场"
"12265","2014-7-16","富士苹果","13.71","广东省广州市江南农副产品市场"
"12384","2014-7-17","富士苹果","14","广东省广州市江南农副产品市场"
"12464","2014-7-18","富士苹果","15.71","广东省广州市江南农副产品市场"
"12500","2014-7-19","富士苹果","14.29","广东省广州市江南农副产品市场"
"12533","2014-7-20","富士苹果","14.29","广东省广州市江南农副产品市场"
"12582","2014-7-21","富士苹果","14.14","广东省广州市江南农副产品市场"
"12701","2014-7-22","富士苹果","12.5","广东省广州市江南农副产品市场"
"12750","2014-7-23","富士苹果","12.86","广东省广州市江南农副产品市场"
"12797","2014-7-24","富士苹果","13.57","广东省广州市江南农副产品市场"
"12895","2014-7-25","富士苹果","13.21","广东省广州市江南农副产品市场"
"12936","2014-7-26","富士苹果","13.21","广东省广州市江南农副产品市场"
"12971","2014-7-27","富士苹果","12.86","广东省广州市江南农副产品市场"
"13040","2014-7-28","富士苹果","12.86","广东省广州市江南农副产品市场"
"13079","2014-7-29","富士苹果","12.5","广东省广州市江南农副产品市场"
"13181","2014-7-30","富士苹果","13.57","广东省广州市江南农副产品市场"
"13214","2014-7-31","富士苹果","12.86","广东省广州市江南农副产品市场"
"13301","2014-8-1","富士苹果","13.57","广东省广州市江南农副产品市场"
"13394","2014-8-2","富士苹果","13.57","广东省广州市江南农副产品市场"
"13424","2014-8-3","富士苹果","13.57","广东省广州市江南农副产品市场"
"13502","2014-8-4","富士苹果","13.57","广东省广州市江南农副产品市场"
"13553","2014-8-5","富士苹果","12.86","广东省广州市江南农副产品市场"
"13653","2014-8-7","富士苹果","13.93","广东省广州市江南农副产品市场"
"13740","2014-8-8","富士苹果","12.86","广东省广州市江南农副产品市场"
"13796","2014-8-9","富士苹果","13.21","广东省广州市江南农副产品市场"
"13856","2014-8-10","富士苹果","12.14","广东省广州市江南农副产品市场"
"13892","2014-8-11","富士苹果","12.14","广东省广州市江南农副产品市场"
"13953","2014-8-12","富士苹果","13.21","广东省广州市江南农副产品市场"
"14053","2014-8-13","富士苹果","13.93","广东省广州市江南农副产品市场"
"14079","2014-8-14","富士苹果","13.93","广东省广州市江南农副产品市场"
"14131","2014-8-15","富士苹果","14.29","广东省广州市江南农副产品市场"
"14234","2014-8-16","富士苹果","14.43","广东省广州市江南农副产品市场"
"14333","2014-8-18","富士苹果","13.93","广东省广州市江南农副产品市场"
"14402","2014-8-19","富士苹果","13.57","广东省广州市江南农副产品市场"
"14466","2014-8-20","富士苹果","12.86","广东省广州市江南农副产品市场"
"14524","2014-8-21","富士苹果","12.14","广东省广州市江南农副产品市场"
"14549","2014-8-22","富士苹果","12.14","广东省广州市江南农副产品市场"
"14621","2014-8-23","富士苹果","12.21","广东省广州市江南农副产品市场"
"14689","2014-8-24","富士苹果","11.43","广东省广州市江南农副产品市场"
"14748","2014-8-25","富士苹果","11.43","广东省广州市江南农副产品市场"
"14819","2014-8-26","富士苹果","11.43","广东省广州市江南农副产品市场"
"14855","2014-8-27","富士苹果","12.86","广东省广州市江南农副产品市场"
"14923","2014-8-28","富士苹果","12.86","广东省广州市江南农副产品市场"
"15008","2014-8-29","富士苹果","13.57","广东省广州市江南农副产品市场"
"15088","2014-8-30","富士苹果","13.57","广东省广州市江南农副产品市场"
"15104","2014-8-31","富士苹果","13.64","广东省广州市江南农副产品市场"
"15153","2014-9-1","富士苹果","14.29","广东省广州市江南农副产品市场"
"15268","2014-9-2","富士苹果","14.57","广东省广州市江南农副产品市场"
"15278","2014-9-3","富士苹果","13.57","广东省广州市江南农副产品市场"
"15366","2014-9-4","富士苹果","13.57","广东省广州市江南农副产品市场"
"15450","2014-9-5","富士苹果","13.57","广东省广州市江南农副产品市场"
"15495","2014-9-6","富士苹果","13.57","广东省广州市江南农副产品市场"
"15585","2014-9-7","富士苹果","14.29","广东省广州市江南农副产品市场"
"15623","2014-9-8","富士苹果","14.29","广东省广州市江南农副产品市场"
"15663","2014-9-9","富士苹果","14.29","广东省广州市江南农副产品市场"
"15736","2014-9-10","富士苹果","13.57","广东省广州市江南农副产品市场"
"15792","2014-9-11","富士苹果","13.93","广东省广州市江南农副产品市场"
"15846","2014-9-12","富士苹果","13.57","广东省广州市江南农副产品市场"
"15913","2014-9-13","富士苹果","12.86","广东省广州市江南农副产品市场"
"15973","2014-9-14","富士苹果","12.86","广东省广州市江南农副产品市场"
"16036","2014-9-15","富士苹果","12.86","广东省广州市江南农副产品市场"
"16064","2014-9-16","富士苹果","13.21","广东省广州市江南农副产品市场"
"16155","2014-9-17","富士苹果","12.86","广东省广州市江南农副产品市场"
"16202","2014-9-18","富士苹果","12.71","广东省广州市江南农副产品市场"
"16317","2014-9-19","富士苹果","12.71","广东省广州市江南农副产品市场"
"16375","2014-9-20","富士苹果","12.57","广东省广州市江南农副产品市场"
"16403","2014-9-21","富士苹果","12.57","广东省广州市江南农副产品市场"
"16519","2014-9-22","富士苹果","12.57","广东省广州市江南农副产品市场"
"16564","2014-9-23","富士苹果","10","广东省广州市江南农副产品市场"
"16617","2014-9-24","富士苹果","9.29","广东省广州市江南农副产品市场"
"16675","2014-9-25","富士苹果","8.57","广东省广州市江南农副产品市场"
"16791","2014-9-26","富士苹果","7.86","广东省广州市江南农副产品市场"
"16852","2014-9-27","富士苹果","10","广东省广州市江南农副产品市场"
"16855","2014-9-28","富士苹果","11.43","广东省广州市江南农副产品市场"
"16953","2014-9-29","富士苹果","12.14","广东省广州市江南农副产品市场"
"17028","2014-9-30","富士苹果","14.29","广东省广州市江南农副产品市场"
"17114","2014-10-1","富士苹果","14.29","广东省广州市江南农副产品市场"
"17137","2014-10-2","富士苹果","13.93","广东省广州市江南农副产品市场"
"17178","2014-10-3","富士苹果","13.93","广东省广州市江南农副产品市场"
"17269","2014-10-4","富士苹果","14.29","广东省广州市江南农副产品市场"
"17311","2014-10-5","富士苹果","14.29","广东省广州市江南农副产品市场"
"17389","2014-10-6","富士苹果","15.71","广东省广州市江南农副产品市场"
"17426","2014-10-7","富士苹果","16.79","广东省广州市江南农副产品市场"
"17527","2014-10-8","富士苹果","16.43","广东省广州市江南农副产品市场"
"17625","2014-10-10","富士苹果","13.57","广东省广州市江南农副产品市场"
"17711","2014-10-12","富士苹果","12.57","广东省广州市江南农副产品市场"
"17774","2014-10-13","富士苹果","12.57","广东省广州市江南农副产品市场"
"17828","2014-10-14","富士苹果","12.86","广东省广州市江南农副产品市场"
"17915","2014-10-15","富士苹果","11.43","广东省广州市江南农副产品市场"
"17996","2014-10-16","富士苹果","11.43","广东省广州市江南农副产品市场"
"18069","2014-10-17","富士苹果","11.71","广东省广州市江南农副产品市场"
"18114","2014-10-18","富士苹果","11.64","广东省广州市江南农副产品市场"
"18176","2014-10-19","富士苹果","11.43","广东省广州市江南农副产品市场"
"18255","2014-10-20","富士苹果","11.57","广东省广州市江南农副产品市场"
"18288","2014-10-21","富士苹果","11.43","广东省广州市江南农副产品市场"
"18394","2014-10-22","富士苹果","11.43","广东省广州市江南农副产品市场"
"18456","2014-10-23","富士苹果","11.43","广东省广州市江南农副产品市场"
"18493","2014-10-24","富士苹果","10","广东省广州市江南农副产品市场"
"18593","2014-10-25","富士苹果","9.29","广东省广州市江南农副产品市场"
"18640","2014-10-26","富士苹果","9.29","广东省广州市江南农副产品市场"
"18711","2014-10-27","富士苹果","9.29","广东省广州市江南农副产品市场"
"18793","2014-10-28","富士苹果","10","广东省广州市江南农副产品市场"
"18866","2014-10-29","富士苹果","10","广东省广州市江南农副产品市场"
"18900","2014-10-30","富士苹果","10","广东省广州市江南农副产品市场"
"18962","2014-10-31","富士苹果","10.14","广东省广州市江南农副产品市场"
"19046","2014-11-1","富士苹果","10.29","广东省广州市江南农副产品市场"
"19093","2014-11-3","富士苹果","10.71","广东省广州市江南农副产品市场"
"19214","2014-11-4","富士苹果","10.71","广东省广州市江南农副产品市场"
"19232","2014-11-5","富士苹果","10.36","广东省广州市江南农副产品市场"
"19351","2014-11-6","富士苹果","10.36","广东省广州市江南农副产品市场"
"19421","2014-11-7","富士苹果","10.36","广东省广州市江南农副产品市场"
"19488","2014-11-8","富士苹果","10.71","广东省广州市江南农副产品市场"
"19877","2014-11-14","富士苹果","10.57","广东省广州市江南农副产品市场"
"19925","2014-11-15","富士苹果","10.57","广东省广州市江南农副产品市场"
"19997","2014-11-17","富士苹果","10.43","广东省广州市江南农副产品市场"
"20108","2014-11-18","富士苹果","10","广东省广州市江南农副产品市场"
"20166","2014-11-19","富士苹果","10","广东省广州市江南农副产品市场"
"20189","2014-11-20","富士苹果","10.36","广东省广州市江南农副产品市场"
"20259","2014-11-21","富士苹果","11.07","广东省广州市江南农副产品市场"
"20322","2014-11-22","富士苹果","11.07","广东省广州市江南农副产品市场"
"20440","2014-11-24","富士苹果","10.71","广东省广州市江南农副产品市场"
"20562","2014-11-25","富士苹果","12.14","广东省广州市江南农副产品市场"
"20936","2014-12-1","富士苹果","13","广东省广州市江南农副产品市场"
"20990","2014-12-2","富士苹果","13.14","广东省广州市江南农副产品市场"
"21082","2014-12-3","富士苹果","13.14","广东省广州市江南农副产品市场"
"21154","2014-12-4","富士苹果","13.29","广东省广州市江南农副产品市场"
"21243","2014-12-5","富士苹果","13.29","广东省广州市江南农副产品市场"
"21291","2014-12-6","富士苹果","14.29","广东省广州市江南农副产品市场"
"21322","2014-12-7","富士苹果","14.29","广东省广州市江南农副产品市场"
"21386","2014-12-8","富士苹果","14.29","广东省广州市江南农副产品市场"
"21509","2014-12-9","富士苹果","16.07","广东省广州市江南农副产品市场"
"21517","2014-12-10","富士苹果","16","广东省广州市江南农副产品市场"
"21587","2014-12-11","富士苹果","16.43","广东省广州市江南农副产品市场"
"21684","2014-12-12","富士苹果","17.14","广东省广州市江南农副产品市场"
"21891","2014-12-15","富士苹果","16.07","广东省广州市江南农副产品市场"
"21985","2014-12-16","富士苹果","15.71","广东省广州市江南农副产品市场"
"21999","2014-12-17","富士苹果","16.07","广东省广州市江南农副产品市场"
"22095","2014-12-18","富士苹果","16.07","广东省广州市江南农副产品市场"
"22153","2014-12-19","富士苹果","16.43","广东省广州市江南农副产品市场"
"22229","2014-12-20","富士苹果","16.43","广东省广州市江南农副产品市场"
"22357","2014-12-22","富士苹果","15.71","广东省广州市江南农副产品市场"
"22467","2014-12-23","富士苹果","17.14","广东省广州市江南农副产品市场"
"22530","2014-12-24","富士苹果","17.14","广东省广州市江南农副产品市场"
"22577","2014-12-25","富士苹果","16.79","广东省广州市江南农副产品市场"
"22694","2014-12-26","富士苹果","17.14","广东省广州市江南农副产品市场"
"22732","2014-12-27","富士苹果","16.43","广东省广州市江南农副产品市场"
"22885","2014-12-29","富士苹果","15.71","广东省广州市江南农副产品市场"
"22943","2014-12-30","富士苹果","15","广东省广州市江南农副产品市场"
"22976","2014-12-31","富士苹果","16.07","广东省广州市江南农副产品市场"
"23064","2015-1-1","富士苹果","15","广东省广州市江南农副产品市场"
"23147","2015-1-2","富士苹果","15.36","广东省广州市江南农副产品市场"
"23209","2015-1-3","富士苹果","15","广东省广州市江南农副产品市场"
"23216","2015-1-4","富士苹果","15.36","广东省广州市江南农副产品市场"
"23303","2015-1-5","富士苹果","15","广东省广州市江南农副产品市场"
"23498","2015-1-8","富士苹果","15","广东省广州市江南农副产品市场"
"23513","2015-1-9","富士苹果","15","广东省广州市江南农副产品市场"
"23599","2015-1-10","富士苹果","14.29","广东省广州市江南农副产品市场"
"23697","2015-1-11","富士苹果","14.64","广东省广州市江南农副产品市场"
"23832","2015-1-13","富士苹果","13.93","广东省广州市江南农副产品市场"
"23858","2015-1-14","富士苹果","14.29","广东省广州市江南农副产品市场"
"23980","2015-1-15","富士苹果","14.64","广东省广州市江南农副产品市场"
"24068","2015-1-16","富士苹果","15","广东省广州市江南农副产品市场"
"24140","2015-1-17","富士苹果","15","广东省广州市江南农副产品市场"
"24144","2015-1-18","富士苹果","15.71","广东省广州市江南农副产品市场"
"24238","2015-1-19","富士苹果","16.43","广东省广州市江南农副产品市场"
"24272","2015-1-20","富士苹果","15.36","广东省广州市江南农副产品市场"
"24420","2015-1-21","富士苹果","15","广东省广州市江南农副产品市场"
"24512","2015-1-23","富士苹果","14.29","广东省广州市江南农副产品市场"
"24738","2015-1-26","富士苹果","16.07","广东省广州市江南农副产品市场"
"24869","2015-1-28","富士苹果","15.71","广东省广州市江南农副产品市场"
"24905","2015-1-29","富士苹果","16.07","广东省广州市江南农副产品市场"
"24979","2015-1-30","富士苹果","15","广东省广州市江南农副产品市场"
"25066","2015-1-31","富士苹果","16.07","广东省广州市江南农副产品市场"
"25222","2015-2-2","富士苹果","16.07","广东省广州市江南农副产品市场"
"25282","2015-2-3","富士苹果","16.07","广东省广州市江南农副产品市场"
"25365","2015-2-4","富士苹果","15.71","广东省广州市江南农副产品市场"
"25452","2015-2-6","富士苹果","15","广东省广州市江南农副产品市场"
"25517","2015-2-7","富士苹果","14.64","广东省广州市江南农副产品市场"
"25595","2015-2-8","富士苹果","14.64","广东省广州市江南农副产品市场"
"25647","2015-2-9","富士苹果","15","广东省广州市江南农副产品市场"
"25728","2015-2-10","富士苹果","15","广东省广州市江南农副产品市场"
"25768","2015-2-11","富士苹果","16.43","广东省广州市江南农副产品市场"
"25910","2015-2-12","富士苹果","15","广东省广州市江南农副产品市场"
"25917","2015-2-13","富士苹果","13.21","广东省广州市江南农副产品市场"
"26039","2015-2-14","富士苹果","14.29","广东省广州市江南农副产品市场"
"26063","2015-2-15","富士苹果","15.36","广东省广州市江南农副产品市场"
"26232","2015-2-17","富士苹果","15.36","广东省广州市江南农副产品市场"
"26291","2015-2-18","富士苹果","15","广东省广州市江南农副产品市场"
"26337","2015-2-25","富士苹果","13.93","广东省广州市江南农副产品市场"
"26381","2015-2-26","富士苹果","13.93","广东省广州市江南农副产品市场"
"26450","2015-2-27","富士苹果","15","广东省广州市江南农副产品市场"
"26497","2015-2-28","富士苹果","13.21","广东省广州市江南农副产品市场"
"26575","2015-3-1","富士苹果","15.36","广东省广州市江南农副产品市场"
"26654","2015-3-2","富士苹果","14.29","广东省广州市江南农副产品市场"
"26687","2015-3-3","富士苹果","15.36","广东省广州市江南农副产品市场"
"26791","2015-3-4","富士苹果","15","广东省广州市江南农副产品市场"
"26810","2015-3-9","富士苹果","15","广东省广州市江南农副产品市场"
"26948","2015-3-10","富士苹果","15","广东省广州市江南农副产品市场"
"26975","2015-3-11","富士苹果","15.36","广东省广州市江南农副产品市场"
"27086","2015-3-12","富士苹果","14.64","广东省广州市江南农副产品市场"
"27185","2015-3-14","富士苹果","14.64","广东省广州市江南农副产品市场"
"27282","2015-3-15","富士苹果","15.36","广东省广州市江南农副产品市场"
"27351","2015-3-16","富士苹果","14.57","广东省广州市江南农副产品市场"
"27424","2015-3-17","富士苹果","14.29","广东省广州市江南农副产品市场"
"27433","2015-3-18","富士苹果","13.57","广东省广州市江南农副产品市场"
"27508","2015-3-19","富士苹果","13.21","广东省广州市江南农副产品市场"
"27577","2015-3-20","富士苹果","14.29","广东省广州市江南农副产品市场"
"27704","2015-3-21","富士苹果","14.29","广东省广州市江南农副产品市场"
"27732","2015-3-22","富士苹果","14.29","广东省广州市江南农副产品市场"
"27782","2015-3-23","富士苹果","14.29","广东省广州市江南农副产品市场"
"27839","2015-3-24","富士苹果","14.29","广东省广州市江南农副产品市场"
"27973","2015-3-25","富士苹果","14.29","广东省广州市江南农副产品市场"
"27978","2015-3-26","富士苹果","14.64","广东省广州市江南农副产品市场"
"28048","2015-3-27","富士苹果","14.29","广东省广州市江南农副产品市场"
"28159","2015-3-28","富士苹果","14.64","广东省广州市江南农副产品市场"
"28220","2015-3-30","富士苹果","14.29","广东省广州市江南农副产品市场"
"28360","2015-3-31","富士苹果","14.71","广东省广州市江南农副产品市场"
"28398","2015-4-1","富士苹果","15","广东省广州市江南农副产品市场"
"28488","2015-4-2","富士苹果","15.14","广东省广州市江南农副产品市场"
"28544","2015-4-3","富士苹果","14.64","广东省广州市江南农副产品市场"
"28586","2015-4-4","富士苹果","14.29","广东省广州市江南农副产品市场"
"28647","2015-4-5","富士苹果","14.57","广东省广州市江南农副产品市场"
"28694","2015-4-6","富士苹果","14.57","广东省广州市江南农副产品市场"
"28754","2015-4-7","富士苹果","14.57","广东省广州市江南农副产品市场"
"28808","2015-4-8","富士苹果","14.29","广东省广州市江南农副产品市场"
"28930","2015-4-9","富士苹果","14.29","广东省广州市江南农副产品市场"
"28955","2015-4-10","富士苹果","14.71","广东省广州市江南农副产品市场"
"29121","2015-4-12","富士苹果","15","广东省广州市江南农副产品市场"
"29177","2015-4-13","富士苹果","15","广东省广州市江南农副产品市场"
"29210","2015-4-14","富士苹果","15.43","广东省广州市江南农副产品市场"
"29319","2015-4-15","富士苹果","15","广东省广州市江南农副产品市场"
"29387","2015-4-16","富士苹果","14.86","广东省广州市江南农副产品市场"
"29428","2015-4-17","富士苹果","14.5","广东省广州市江南农副产品市场"
"29661","2015-4-20","富士苹果","13.93","广东省广州市江南农副产品市场"
"29683","2015-4-21","富士苹果","13.93","广东省广州市江南农副产品市场"
"29742","2015-4-22","富士苹果","13.21","广东省广州市江南农副产品市场"
"29835","2015-4-23","富士苹果","13.36","广东省广州市江南农副产品市场"
"29881","2015-4-24","富士苹果","13.43","广东省广州市江南农副产品市场"
"29963","2015-4-25","富士苹果","13.57","广东省广州市江南农副产品市场"
"30038","2015-4-26","富士苹果","13.93","广东省广州市江南农副产品市场"
"30064","2015-4-29","富士苹果","13.14","广东省广州市江南农副产品市场"
"30133","2015-4-30","富士苹果","13.21","广东省广州市江南农副产品市场"
"30204","2015-5-4","富士苹果","13.93","广东省广州市江南农副产品市场"
"30280","2015-5-5","富士苹果","13.93","广东省广州市江南农副产品市场"
"30340","2015-5-6","富士苹果","15","广东省广州市江南农副产品市场"
"30423","2015-5-7","富士苹果","14.29","广东省广州市江南农副产品市场"
"30511","2015-5-8","富士苹果","14.29","广东省广州市江南农副产品市场"
"30565","2015-5-9","富士苹果","15","广东省广州市江南农副产品市场"
"30625","2015-5-10","富士苹果","15","广东省广州市江南农副产品市场"
"30683","2015-5-11","富士苹果","15","广东省广州市江南农副产品市场"
"30778","2015-5-12","富士苹果","16.43","广东省广州市江南农副产品市场"
"30833","2015-5-13","富士苹果","16.43","广东省广州市江南农副产品市场"
"30903","2015-5-14","富士苹果","16.43","广东省广州市江南农副产品市场"
"30938","2015-5-15","富士苹果","16.43","广东省广州市江南农副产品市场"
"31091","2015-5-17","富士苹果","16.07","广东省广州市江南农副产品市场"
"31168","2015-5-18","富士苹果","16.07","广东省广州市江南农副产品市场"
"31215","2015-5-19","富士苹果","16.07","广东省广州市江南农副产品市场"
"31263","2015-5-20","富士苹果","16.07","广东省广州市江南农副产品市场"
"31341","2015-5-21","富士苹果","15.71","广东省广州市江南农副产品市场"
"31431","2015-5-22","富士苹果","15.36","广东省广州市江南农副产品市场"
"31507","2015-5-25","富士苹果","15.14","广东省广州市江南农副产品市场"
"31544","2015-5-26","富士苹果","15.36","广东省广州市江南农副产品市场"
"31666","2015-5-27","富士苹果","16.07","广东省广州市江南农副产品市场"
"31715","2015-6-1","富士苹果","15","广东省广州市江南农副产品市场"
"31769","2015-6-2","富士苹果","15.36","广东省广州市江南农副产品市场"
"31854","2015-6-3","富士苹果","15.36","广东省广州市江南农副产品市场"
"31935","2015-6-4","富士苹果","15.64","广东省广州市江南农副产品市场"
"32041","2015-6-5","富士苹果","15.71","广东省广州市江南农副产品市场"
"32065","2015-6-8","富士苹果","15.36","广东省广州市江南农副产品市场"
"32124","2015-6-10","富士苹果","14.93","广东省广州市江南农副产品市场"
"32220","2015-6-11","富士苹果","14.64","广东省广州市江南农副产品市场"
"32271","2015-6-12","富士苹果","14.29","广东省广州市江南农副产品市场"
"32383","2015-6-13","富士苹果","14.29","广东省广州市江南农副产品市场"
"32393","2015-6-14","富士苹果","14.29","广东省广州市江南农副产品市场"
"32469","2015-6-15","富士苹果","14.29","广东省广州市江南农副产品市场"
"32550","2015-6-16","富士苹果","14.43","广东省广州市江南农副产品市场"
"32596","2015-6-17","富士苹果","14.29","广东省广州市江南农副产品市场"
"32682","2015-6-18","富士苹果","14.29","广东省广州市江南农副产品市场"
"32784","2015-6-19","富士苹果","14.29","广东省广州市江南农副产品市场"
"32807","2015-6-20","富士苹果","14.29","广东省广州市江南农副产品市场"
"32866","2015-6-21","富士苹果","14.29","广东省广州市江南农副产品市场"
"32950","2015-6-22","富士苹果","13.93","广东省广州市江南农副产品市场"
"32958","2015-6-23","富士苹果","13.93","广东省广州市江南农副产品市场"
"33086","2015-6-24","富士苹果","14.29","广东省广州市江南农副产品市场"
"33114","2015-6-25","富士苹果","14.29","广东省广州市江南农副产品市场"
"33212","2015-6-26","富士苹果","14.29","广东省广州市江南农副产品市场"
"33262","2015-6-27","富士苹果","13.93","广东省广州市江南农副产品市场"
"33325","2015-6-28","富士苹果","13.93","广东省广州市江南农副产品市场"
"33350","2015-6-29","富士苹果","13.93","广东省广州市江南农副产品市场"
"33443","2015-6-30","富士苹果","13.93","广东省广州市江南农副产品市场"
"33524","2015-7-1","富士苹果","13.93","广东省广州市江南农副产品市场"
"33595","2015-7-2","富士苹果","13.93","广东省广州市江南农副产品市场"
"33619","2015-7-3","富士苹果","13.93","广东省广州市江南农副产品市场"
"33681","2015-7-4","富士苹果","13.93","广东省广州市江南农副产品市场"
"33753","2015-7-5","富士苹果","13.93","广东省广州市江南农副产品市场"
"33781","2015-7-6","富士苹果","13.93","广东省广州市江南农副产品市场"
"33885","2015-7-7","富士苹果","13.57","广东省广州市江南农副产品市场"
"33970","2015-7-8","富士苹果","14.29","广东省广州市江南农副产品市场"
"34021","2015-7-9","富士苹果","14.29","广东省广州市江南农副产品市场"
"34044","2015-7-10","富士苹果","13.93","广东省广州市江南农副产品市场"
"34112","2015-7-11","富士苹果","13.93","广东省广州市江南农副产品市场"
"34187","2015-7-12","富士苹果","13.93","广东省广州市江南农副产品市场"
"34252","2015-7-13","富士苹果","13.93","广东省广州市江南农副产品市场"
"34336","2015-7-14","富士苹果","14.64","广东省广州市江南农副产品市场"
"34395","2015-7-15","富士苹果","14.29","广东省广州市江南农副产品市场"
"34467","2015-7-16","富士苹果","13.93","广东省广州市江南农副产品市场"
"34531","2015-7-17","富士苹果","13.93","广东省广州市江南农副产品市场"
"34577","2015-7-18","富士苹果","13.93","广东省广州市江南农副产品市场"
"34637","2015-7-19","富士苹果","14","广东省广州市江南农副产品市场"
"34697","2015-7-20","富士苹果","14","广东省广州市江南农副产品市场"
"34773","2015-7-21","富士苹果","14","广东省广州市江南农副产品市场"
"34850","2015-7-22","富士苹果","14.29","广东省广州市江南农副产品市场"
"34883","2015-7-23","富士苹果","14.29","广东省广州市江南农副产品市场"
"34969","2015-7-24","富士苹果","14.29","广东省广州市江南农副产品市场"
"35031","2015-7-25","富士苹果","14.29","广东省广州市江南农副产品市场"
"35090","2015-7-26","富士苹果","14.29","广东省广州市江南农副产品市场"
"35113","2015-7-27","富士苹果","14.29","广东省广州市江南农副产品市场"
"35164","2015-7-28","富士苹果","14.29","广东省广州市江南农副产品市场"
"35253","2015-7-29","富士苹果","14.64","广东省广州市江南农副产品市场"
"35334","2015-7-30","富士苹果","14.64","广东省广州市江南农副产品市场"
"35398","2015-7-31","富士苹果","14.64","广东省广州市江南农副产品市场"
"35458","2015-8-1","富士苹果","14.64","广东省广州市江南农副产品市场"
"35497","2015-8-2","富士苹果","14.64","广东省广州市江南农副产品市场"
"35576","2015-8-3","富士苹果","14.64","广东省广州市江南农副产品市场"
"35611","2015-8-4","富士苹果","14.64","广东省广州市江南农副产品市场"
"35724","2015-8-5","富士苹果","14.64","广东省广州市江南农副产品市场"
"35726","2015-8-6","富士苹果","14.64","广东省广州市江南农副产品市场"
"35840","2015-8-7","富士苹果","14.29","广东省广州市江南农副产品市场"
"35878","2015-8-8","富士苹果","14.29","广东省广州市江南农副产品市场"
"35907","2015-8-9","富士苹果","14.29","广东省广州市江南农副产品市场"
"35973","2015-8-10","富士苹果","14.64","广东省广州市江南农副产品市场"
"36040","2015-8-11","富士苹果","14.29","广东省广州市江南农副产品市场"
"36097","2015-8-12","富士苹果","14.64","广东省广州市江南农副产品市场"
"36180","2015-8-14","富士苹果","14.64","广东省广州市江南农副产品市场"
"36205","2015-8-15","富士苹果","15","广东省广州市江南农副产品市场"
"36282","2015-8-16","富士苹果","14.64","广东省广州市江南农副产品市场"
"36358","2015-8-17","富士苹果","13.93","广东省广州市江南农副产品市场"
"36380","2015-8-18","富士苹果","13.93","广东省广州市江南农副产品市场"
"36427","2015-8-19","富士苹果","14.64","广东省广州市江南农副产品市场"
"36534","2015-8-20","富士苹果","14.57","广东省广州市江南农副产品市场"
"36555","2015-8-21","富士苹果","14.29","广东省广州市江南农副产品市场"
"36643","2015-8-22","富士苹果","13.93","广东省广州市江南农副产品市场"
"36692","2015-8-23","富士苹果","13.57","广东省广州市江南农副产品市场"
"36730","2015-8-24","富士苹果","14.64","广东省广州市江南农副产品市场"
"36808","2015-8-25","富士苹果","14.29","广东省广州市江南农副产品市场"
"36829","2015-8-26","富士苹果","14.64","广东省广州市江南农副产品市场"
"36875","2015-8-27","富士苹果","14.71","广东省广州市江南农副产品市场"
"36981","2015-8-28","富士苹果","15","广东省广州市江南农副产品市场"
"36998","2015-8-29","富士苹果","15.07","广东省广州市江南农副产品市场"
"37046","2015-8-30","富士苹果","15","广东省广州市江南农副产品市场"
"37116","2015-8-31","富士苹果","15","广东省广州市江南农副产品市场"
"37167","2015-9-1","富士苹果","15","广东省广州市江南农副产品市场"
"37239","2015-9-2","富士苹果","14.86","广东省广州市江南农副产品市场"
"37263","2015-9-3","富士苹果","14.86","广东省广州市江南农副产品市场"
"37316","2015-9-4","富士苹果","14.29","广东省广州市江南农副产品市场"
"37360","2015-9-5","富士苹果","13.93","广东省广州市江南农副产品市场"
"37430","2015-9-6","富士苹果","13.93","广东省广州市江南农副产品市场"
"37478","2015-9-7","富士苹果","14.29","广东省广州市江南农副产品市场"
"37539","2015-9-8","富士苹果","14.64","广东省广州市江南农副产品市场"
"37595","2015-9-9","富士苹果","13.93","广东省广州市江南农副产品市场"
"37677","2015-9-10","富士苹果","13.93","广东省广州市江南农副产品市场"
"37697","2015-9-11","富士苹果","14.64","广东省广州市江南农副产品市场"
"37762","2015-9-12","富士苹果","12.86","广东省广州市江南农副产品市场"
"37818","2015-9-13","富士苹果","13.57","广东省广州市江南农副产品市场"
"37901","2015-9-14","富士苹果","13.57","广东省广州市江南农副产品市场"
"37907","2015-9-15","富士苹果","13.93","广东省广州市江南农副产品市场"
"37993","2015-9-16","富士苹果","14.64","广东省广州市江南农副产品市场"
"38073","2015-9-17","富士苹果","14.64","广东省广州市江南农副产品市场"
"38117","2015-9-18","富士苹果","15","广东省广州市江南农副产品市场"
"38174","2015-9-19","富士苹果","15.36","广东省广州市江南农副产品市场"
"38243","2015-9-20","富士苹果","15","广东省广州市江南农副产品市场"
"38260","2015-9-21","富士苹果","15.29","广东省广州市江南农副产品市场"
"38326","2015-9-22","富士苹果","15","广东省广州市江南农副产品市场"
"38410","2015-9-23","富士苹果","13.93","广东省广州市江南农副产品市场"
"38473","2015-9-24","富士苹果","13.93","广东省广州市江南农副产品市场"
"38520","2015-9-25","富士苹果","15","广东省广州市江南农副产品市场"
"38562","2015-9-26","富士苹果","15.36","广东省广州市江南农副产品市场"
"38643","2015-9-27","富士苹果","15.36","广东省广州市江南农副产品市场"
"38679","2015-9-28","富士苹果","15.29","广东省广州市江南农副产品市场"
"38733","2015-9-29","富士苹果","13.93","广东省广州市江南农副产品市场"
"38817","2015-9-30","富士苹果","14.29","广东省广州市江南农副产品市场"
"38886","2015-10-1","富士苹果","13.93","广东省广州市江南农副产品市场"
"38916","2015-10-2","富士苹果","13.93","广东省广州市江南农副产品市场"
"38955","2015-10-3","富士苹果","13.93","广东省广州市江南农副产品市场"
"39026","2015-10-4","富士苹果","13.71","广东省广州市江南农副产品市场"
"39090","2015-10-5","富士苹果","13.93","广东省广州市江南农副产品市场"
"39144","2015-10-6","富士苹果","13.93","广东省广州市江南农副产品市场"
"39177","2015-10-7","富士苹果","14","广东省广州市江南农副产品市场"
"39245","2015-10-8","富士苹果","13.93","广东省广州市江南农副产品市场"
"39355","2015-10-10","富士苹果","13.93","广东省广州市江南农副产品市场"
"39432","2015-10-11","富士苹果","13.86","广东省广州市江南农副产品市场"
"39510","2015-10-12","富士苹果","14.29","广东省广州市江南农副产品市场"
"39568","2015-10-13","富士苹果","14","广东省广州市江南农副产品市场"
"39635","2015-10-14","富士苹果","13.36","广东省广州市江南农副产品市场"
"39681","2015-10-15","富士苹果","13.36","广东省广州市江南农副产品市场"
"39752","2015-10-16","富士苹果","13.14","广东省广州市江南农副产品市场"
"39816","2015-10-17","富士苹果","12.14","广东省广州市江南农副产品市场"
"39876","2015-10-18","富士苹果","12.14","广东省广州市江南农副产品市场"
"39903","2015-10-19","富士苹果","12.14","广东省广州市江南农副产品市场"
"39994","2015-10-20","富士苹果","12.14","广东省广州市江南农副产品市场"
"40029","2015-10-21","富士苹果","11.07","广东省广州市江南农副产品市场"
"40117","2015-10-22","富士苹果","11.79","广东省广州市江南农副产品市场"
"40204","2015-10-23","富士苹果","11.07","广东省广州市江南农副产品市场"
"40241","2015-10-24","富士苹果","11.43","广东省广州市江南农副产品市场"
"40262","2015-10-25","富士苹果","11.43","广东省广州市江南农副产品市场"
"40322","2015-10-26","富士苹果","11.14","广东省广州市江南农副产品市场"
"40441","2015-10-27","富士苹果","10.71","广东省广州市江南农副产品市场"
"40542","2015-10-29","富士苹果","10.71","广东省广州市江南农副产品市场"
"40603","2015-10-30","富士苹果","11.07","广东省广州市江南农副产品市场"
"40707","2015-10-31","富士苹果","11.07","广东省广州市江南农副产品市场"
"40717","2015-11-1","富士苹果","11.43","广东省广州市江南农副产品市场"
"40816","2015-11-2","富士苹果","11.57","广东省广州市江南农副产品市场"
"40901","2015-11-3","富士苹果","11.07","广东省广州市江南农副产品市场"
"40947","2015-11-4","富士苹果","11.07","广东省广州市江南农副产品市场"
"40994","2015-11-5","富士苹果","11.43","广东省广州市江南农副产品市场"
"41078","2015-11-6","富士苹果","11.36","广东省广州市江南农副产品市场"
"41132","2015-11-7","富士苹果","11","广东省广州市江南农副产品市场"
"41191","2015-11-8","富士苹果","11.07","广东省广州市江南农副产品市场"
"41278","2015-11-9","富士苹果","11.07","广东省广州市江南农副产品市场"
"41468","2015-11-12","富士苹果","11.29","广东省广州市江南农副产品市场"
"41524","2015-11-13","富士苹果","11.64","广东省广州市江南农副产品市场"
"41608","2015-11-14","富士苹果","11.14","广东省广州市江南农副产品市场"
"41633","2015-11-15","富士苹果","11.07","广东省广州市江南农副产品市场"
"41687","2015-11-16","富士苹果","11.07","广东省广州市江南农副产品市场"
"41798","2015-11-17","富士苹果","11.07","广东省广州市江南农副产品市场"
"41824","2015-11-18","富士苹果","11.07","广东省广州市江南农副产品市场"
"41892","2015-11-19","富士苹果","11.43","广东省广州市江南农副产品市场"
"41976","2015-11-20","富士苹果","11.07","广东省广州市江南农副产品市场"
"42028","2015-11-21","富士苹果","11.07","广东省广州市江南农副产品市场"
"42069","2015-11-22","富士苹果","11.43","广东省广州市江南农副产品市场"
"42134","2015-11-23","富士苹果","11.43","广东省广州市江南农副产品市场"
"42222","2015-11-24","富士苹果","11.43","广东省广州市江南农副产品市场"
"42298","2015-11-25","富士苹果","11.07","广东省广州市江南农副产品市场"
"42324","2015-11-26","富士苹果","11.07","广东省广州市江南农副产品市场"
"42423","2015-11-27","富士苹果","13.93","广东省广州市江南农副产品市场"
"42470","2015-11-28","富士苹果","13.93","广东省广州市江南农副产品市场"
"42544","2015-11-29","富士苹果","14.29","广东省广州市江南农副产品市场"
"42557","2015-11-30","富士苹果","14.14","广东省广州市江南农副产品市场"
"42654","2015-12-1","富士苹果","13.93","广东省广州市江南农副产品市场"
"42689","2015-12-2","富士苹果","13.93","广东省广州市江南农副产品市场"
"42764","2015-12-3","富士苹果","14","广东省广州市江南农副产品市场"
"42813","2015-12-4","富士苹果","13.71","广东省广州市江南农副产品市场"
"42908","2015-12-5","富士苹果","13.21","广东省广州市江南农副产品市场"
"42971","2015-12-6","富士苹果","12.57","广东省广州市江南农副产品市场"
"42982","2015-12-7","富士苹果","12.93","广东省广州市江南农副产品市场"
"43057","2015-12-8","富士苹果","13.14","广东省广州市江南农副产品市场"
"43161","2015-12-9","富士苹果","13.93","广东省广州市江南农副产品市场"
"43230","2015-12-10","富士苹果","12.5","广东省广州市江南农副产品市场"
"43292","2015-12-11","富士苹果","11.07","广东省广州市江南农副产品市场"
"43357","2015-12-12","富士苹果","11.43","广东省广州市江南农副产品市场"
"43369","2015-12-13","富士苹果","11.43","广东省广州市江南农副产品市场"
"43433","2015-12-14","富士苹果","11.43","广东省广州市江南农副产品市场"
"43492","2015-12-15","富士苹果","10.71","广东省广州市江南农副产品市场"
"43592","2015-12-16","富士苹果","10.71","广东省广州市江南农副产品市场"
"43724","2015-12-18","富士苹果","13.93","广东省广州市江南农副产品市场"
"43795","2015-12-19","富士苹果","12.86","广东省广州市江南农副产品市场"
"43811","2015-12-20","富士苹果","13.57","广东省广州市江南农副产品市场"
"43911","2015-12-21","富士苹果","13.57","广东省广州市江南农副产品市场"
"43938","2015-12-22","富士苹果","12.5","广东省广州市江南农副产品市场"
"43999","2015-12-23","富士苹果","12.14","广东省广州市江南农副产品市场"
"44087","2015-12-24","富士苹果","11.79","广东省广州市江南农副产品市场"
"44161","2015-12-25","富士苹果","11.43","广东省广州市江南农副产品市场"
"44213","2015-12-26","富士苹果","10.71","广东省广州市江南农副产品市场"
"44255","2015-12-27","富士苹果","11.07","广东省广州市江南农副产品市场"
"44289","2015-12-28","富士苹果","11.43","广东省广州市江南农副产品市场"
"44373","2015-12-29","富士苹果","10.71","广东省广州市江南农副产品市场"
"44470","2015-12-30","富士苹果","10.71","广东省广州市江南农副产品市场"
"44511","2015-12-31","富士苹果","11.07","广东省广州市江南农副产品市场"
"44544","2016-1-1","富士苹果","11.07","广东省广州市江南农副产品市场"
"44634","2016-1-2","富士苹果","11.07","广东省广州市江南农副产品市场"
"44637","2016-1-3","富士苹果","11.07","广东省广州市江南农副产品市场"
"44743","2016-1-4","富士苹果","11.64","广东省广州市江南农副产品市场"
"44815","2016-1-5","富士苹果","12","广东省广州市江南农副产品市场"
"44856","2016-1-6","富士苹果","11.43","广东省广州市江南农副产品市场"
"44914","2016-1-7","富士苹果","11.43","广东省广州市江南农副产品市场"
"44997","2016-1-8","富士苹果","11.07","广东省广州市江南农副产品市场"
"45058","2016-1-9","富士苹果","10.71","广东省广州市江南农副产品市场"
"45084","2016-1-10","富士苹果","10.71","广东省广州市江南农副产品市场"
"45158","2016-1-11","富士苹果","10.71","广东省广州市江南农副产品市场"
"45199","2016-1-12","富士苹果","11.07","广东省广州市江南农副产品市场"
"45242","2016-1-13","富士苹果","11.07","广东省广州市江南农副产品市场"
"45356","2016-1-14","富士苹果","10.57","广东省广州市江南农副产品市场"
"45407","2016-1-15","富士苹果","10.43","广东省广州市江南农副产品市场"
"45481","2016-1-16","富士苹果","10.57","广东省广州市江南农副产品市场"
"45523","2016-1-17","富士苹果","10.5","广东省广州市江南农副产品市场"
"45556","2016-1-18","富士苹果","10.36","广东省广州市江南农副产品市场"
"45646","2016-1-19","富士苹果","10.36","广东省广州市江南农副产品市场"
"45695","2016-1-20","富士苹果","10","广东省广州市江南农副产品市场"
"45748","2016-1-21","富士苹果","10","广东省广州市江南农副产品市场"
"45825","2016-1-22","富士苹果","10","广东省广州市江南农副产品市场"
"45899","2016-1-23","富士苹果","10","广东省广州市江南农副产品市场"
"45946","2016-1-24","富士苹果","10.71","广东省广州市江南农副产品市场"
"46022","2016-1-25","富士苹果","10","广东省广州市江南农副产品市场"
"46084","2016-1-26","富士苹果","10.36","广东省广州市江南农副产品市场"
"46086","2016-1-27","富士苹果","10","广东省广州市江南农副产品市场"
"46175","2016-1-28","富士苹果","10.36","广东省广州市江南农副产品市场"
"46283","2016-1-29","富士苹果","10","广东省广州市江南农副产品市场"
"46316","2016-1-30","富士苹果","9.64","广东省广州市江南农副产品市场"
"46375","2016-1-31","富士苹果","9.57","广东省广州市江南农副产品市场"
"46419","2016-2-1","富士苹果","10","广东省广州市江南农副产品市场"
"46487","2016-2-2","富士苹果","10.71","广东省广州市江南农副产品市场"
"46540","2016-2-3","富士苹果","10.36","广东省广州市江南农副产品市场"
"46585","2016-2-4","富士苹果","10.36","广东省广州市江南农副产品市场"
"46665","2016-2-5","富士苹果","11.07","广东省广州市江南农副产品市场"
"46757","2016-2-6","富士苹果","11.07","广东省广州市江南农副产品市场"
"46794","2016-2-7","富士苹果","12.14","广东省广州市江南农副产品市场"
"46977","2016-2-14","富士苹果","12.71","广东省广州市江南农副产品市场"
"47051","2016-2-15","富士苹果","12.71","广东省广州市江南农副产品市场"
"47104","2016-2-16","富士苹果","12.86","广东省广州市江南农副产品市场"
"47159","2016-2-17","富士苹果","11.79","广东省广州市江南农副产品市场"
"47201","2016-2-18","富士苹果","10.71","广东省广州市江南农副产品市场"
"47321","2016-2-19","富士苹果","10.71","广东省广州市江南农副产品市场"
"47361","2016-2-20","富士苹果","10.36","广东省广州市江南农副产品市场"
"47407","2016-2-21","富士苹果","10.36","广东省广州市江南农副产品市场"
"47451","2016-2-22","富士苹果","10.36","广东省广州市江南农副产品市场"
"47563","2016-2-24","富士苹果","10.64","广东省广州市江南农副产品市场"
"47665","2016-2-25","富士苹果","11.43","广东省广州市江南农副产品市场"
"47746","2016-2-26","富士苹果","8.75","广东省广州市江南农副产品市场"
"47784","2016-2-27","富士苹果","8","广东省广州市江南农副产品市场"
"47811","2016-2-28","富士苹果","8","广东省广州市江南农副产品市场"
"47871","2016-2-29","富士苹果","6.75","广东省广州市江南农副产品市场"
"47973","2016-3-1","富士苹果","6.75","广东省广州市江南农副产品市场"
"48021","2016-3-2","富士苹果","7","广东省广州市江南农副产品市场"
"48104","2016-3-3","富士苹果","7.25","广东省广州市江南农副产品市场"
"48138","2016-3-4","富士苹果","7.25","广东省广州市江南农副产品市场"
"48211","2016-3-5","富士苹果","7.35","广东省广州市江南农副产品市场"
"48259","2016-3-6","富士苹果","8","广东省广州市江南农副产品市场"
"48270","2016-3-7","富士苹果","7.9","广东省广州市江南农副产品市场"
"48366","2016-3-8","富士苹果","8","广东省广州市江南农副产品市场"
"48420","2016-3-9","富士苹果","8.25","广东省广州市江南农副产品市场"
"48503","2016-3-10","富士苹果","8","广东省广州市江南农副产品市场"
"48537","2016-3-11","富士苹果","7.75","广东省广州市江南农副产品市场"
"48627","2016-3-12","富士苹果","8","广东省广州市江南农副产品市场"
"48688","2016-3-13","富士苹果","7.75","广东省广州市江南农副产品市场"
"48704","2016-3-14","富士苹果","8","广东省广州市江南农副产品市场"
"48817","2016-3-15","富士苹果","7.75","广东省广州市江南农副产品市场"
"48887","2016-3-16","富士苹果","8","广东省广州市江南农副产品市场"
"48910","2016-3-17","富士苹果","8","广东省广州市江南农副产品市场"
"48967","2016-3-18","富士苹果","7.95","广东省广州市江南农副产品市场"
"49044","2016-3-20","富士苹果","7.95","广东省广州市江南农副产品市场"
"49154","2016-3-21","富士苹果","7.75","广东省广州市江南农副产品市场"
"49197","2016-3-22","富士苹果","7.5","广东省广州市江南农副产品市场"
"49271","2016-3-23","富士苹果","7.5","广东省广州市江南农副产品市场"
"49307","2016-3-24","富士苹果","7.25","广东省广州市江南农副产品市场"
"49368","2016-3-25","富士苹果","7.25","广东省广州市江南农副产品市场"
"49455","2016-3-28","富士苹果","7.25","广东省广州市江南农副产品市场"
"49493","2016-3-29","富士苹果","7.25","广东省广州市江南农副产品市场"
"49592","2016-3-30","富士苹果","7.6","广东省广州市江南农副产品市场"
"49619","2016-3-31","富士苹果","7.45","广东省广州市江南农副产品市场"
"49711","2016-4-1","富士苹果","7.5","广东省广州市江南农副产品市场"
"49748","2016-4-2","富士苹果","7.25","广东省广州市江南农副产品市场"
"49822","2016-4-3","富士苹果","7.5","广东省广州市江南农副产品市场"
"49886","2016-4-4","富士苹果","7.5","广东省广州市江南农副产品市场"
"49925","2016-4-5","富士苹果","7.5","广东省广州市江南农副产品市场"
"50003","2016-4-6","富士苹果","7.5","广东省广州市江南农副产品市场"
"50042","2016-4-7","富士苹果","7","广东省广州市江南农副产品市场"
"50095","2016-4-8","富士苹果","7.25","广东省广州市江南农副产品市场"
"50160","2016-4-9","富士苹果","7.25","广东省广州市江南农副产品市场"
"50246","2016-4-10","富士苹果","7","广东省广州市江南农副产品市场"
"50300","2016-4-11","富士苹果","7","广东省广州市江南农副产品市场"
"50388","2016-4-13","富士苹果","7","广东省广州市江南农副产品市场"
"50448","2016-4-14","富士苹果","7","广东省广州市江南农副产品市场"
"50525","2016-4-15","富士苹果","7.5","广东省广州市江南农副产品市场"
"50543","2016-4-16","富士苹果","7.25","广东省广州市江南农副产品市场"
"50588","2016-4-17","富士苹果","7.5","广东省广州市江南农副产品市场"
"50650","2016-4-18","富士苹果","7.25","广东省广州市江南农副产品市场"
"50727","2016-4-19","富士苹果","7.25","广东省广州市江南农副产品市场"
"50770","2016-4-20","富士苹果","7","广东省广州市江南农副产品市场"
"50879","2016-4-21","富士苹果","7.25","广东省广州市江南农副产品市场"
"50932","2016-4-22","富士苹果","7.65","广东省广州市江南农副产品市场"
"50984","2016-4-23","富士苹果","7.6","广东省广州市江南农副产品市场"
"51045","2016-4-24","富士苹果","7.5","广东省广州市江南农副产品市场"
"51079","2016-4-25","富士苹果","7.5","广东省广州市江南农副产品市场"
"51133","2016-4-26","富士苹果","7.5","广东省广州市江南农副产品市场"
"51224","2016-4-27","富士苹果","7.25","广东省广州市江南农副产品市场"
"51285","2016-4-28","富士苹果","11.07","广东省广州市江南农副产品市场"
"51326","2016-4-29","富士苹果","11.43","广东省广州市江南农副产品市场"
"51392","2016-4-30","富士苹果","12.14","广东省广州市江南农副产品市场"
"51468","2016-5-1","富士苹果","12.86","广东省广州市江南农副产品市场"
"51516","2016-5-2","富士苹果","12.86","广东省广州市江南农副产品市场"
"51579","2016-5-3","富士苹果","12.86","广东省广州市江南农副产品市场"
"51640","2016-5-4","富士苹果","12.86","广东省广州市江南农副产品市场"
"51685","2016-5-5","富士苹果","12.5","广东省广州市江南农副产品市场"
"51797","2016-5-6","富士苹果","11","广东省广州市江南农副产品市场"
"51835","2016-5-7","富士苹果","7.75","广东省广州市江南农副产品市场"
"51902","2016-5-8","富士苹果","7.8","广东省广州市江南农副产品市场"
"51926","2016-5-9","富士苹果","7.75","广东省广州市江南农副产品市场"
"51986","2016-5-10","富士苹果","7.75","广东省广州市江南农副产品市场"
"52042","2016-5-12","富士苹果","7.75","广东省广州市江南农副产品市场"
"52128","2016-5-13","富士苹果","7.8","广东省广州市江南农副产品市场"
"52194","2016-5-14","富士苹果","7.5","广东省广州市江南农副产品市场"
"52244","2016-5-15","富士苹果","7.5","广东省广州市江南农副产品市场"
"52280","2016-5-16","富士苹果","7.5","广东省广州市江南农副产品市场"
"52390","2016-5-17","富士苹果","7.25","广东省广州市江南农副产品市场"
"52435","2016-5-18","富士苹果","7.25","广东省广州市江南农副产品市场"
"52531","2016-5-19","富士苹果","7.25","广东省广州市江南农副产品市场"
"52551","2016-5-20","富士苹果","7.25","广东省广州市江南农副产品市场"
"52643","2016-5-21","富士苹果","6.75","广东省广州市江南农副产品市场"
"52709","2016-5-22","富士苹果","6.5","广东省广州市江南农副产品市场"
"52768","2016-5-23","富士苹果","6.6","广东省广州市江南农副产品市场"
"52815","2016-5-24","富士苹果","6.5","广东省广州市江南农副产品市场"
"52883","2016-5-25","富士苹果","6.5","广东省广州市江南农副产品市场"
"52919","2016-5-26","富士苹果","6.5","广东省广州市江南农副产品市场"
"53191","2016-5-30","富士苹果","6.75","广东省广州市江南农副产品市场"
"53285","2016-5-31","富士苹果","6.75","广东省广州市江南农副产品市场"
"53324","2016-6-1","富士苹果","7","广东省广州市江南农副产品市场"
"53388","2016-6-2","富士苹果","7.2","广东省广州市江南农副产品市场"
"53449","2016-6-3","富士苹果","7.5","广东省广州市江南农副产品市场"
"53544","2016-6-4","富士苹果","7.25","广东省广州市江南农副产品市场"
"53571","2016-6-5","富士苹果","7.25","广东省广州市江南农副产品市场"
"53659","2016-6-6","富士苹果","7.25","广东省广州市江南农副产品市场"
"53695","2016-6-7","富士苹果","7.2","广东省广州市江南农副产品市场"
"53776","2016-6-8","富士苹果","7.55","广东省广州市江南农副产品市场"
"53805","2016-6-9","富士苹果","7.25","广东省广州市江南农副产品市场"
"53850","2016-6-10","富士苹果","7.5","广东省广州市江南农副产品市场"
"53901","2016-6-11","富士苹果","8.5","广东省广州市江南农副产品市场"
"53983","2016-6-12","富士苹果","8.75","广东省广州市江南农副产品市场"
"54055","2016-6-13","富士苹果","8.75","广东省广州市江南农副产品市场"
"54118","2016-6-14","富士苹果","8.85","广东省广州市江南农副产品市场"
"54198","2016-6-15","富士苹果","9.07","广东省广州市江南农副产品市场"
"54251","2016-6-16","富士苹果","9.5","广东省广州市江南农副产品市场"
"54287","2016-6-17","富士苹果","10.71","广东省广州市江南农副产品市场"
"54349","2016-6-18","富士苹果","10.29","广东省广州市江南农副产品市场"
"54432","2016-6-19","富士苹果","10.71","广东省广州市江南农副产品市场"
"54490","2016-6-20","富士苹果","10.71","广东省广州市江南农副产品市场"
"54507","2016-6-21","富士苹果","11.43","广东省广州市江南农副产品市场"
"54590","2016-6-22","富士苹果","11.79","广东省广州市江南农副产品市场"
"54668","2016-6-23","富士苹果","11.93","广东省广州市江南农副产品市场"
"54746","2016-6-24","富士苹果","11.43","广东省广州市江南农副产品市场"
"54779","2016-6-25","富士苹果","11.43","广东省广州市江南农副产品市场"
"54867","2016-6-26","富士苹果","11.43","广东省广州市江南农副产品市场"
"54930","2016-6-27","富士苹果","11.71","广东省广州市江南农副产品市场"
"54951","2016-6-28","富士苹果","11.71","广东省广州市江南农副产品市场"
"55051","2016-6-29","富士苹果","11.71","广东省广州市江南农副产品市场"
"55099","2016-6-30","富士苹果","8.75","广东省广州市江南农副产品市场"
"55142","2016-7-1","富士苹果","8.5","广东省广州市江南农副产品市场"
"55222","2016-7-2","富士苹果","8.25","广东省广州市江南农副产品市场"
"55278","2016-7-3","富士苹果","12.86","广东省广州市江南农副产品市场"
"55334","2016-7-4","富士苹果","10.5","广东省广州市江南农副产品市场"
"55387","2016-7-5","富士苹果","10.5","广东省广州市江南农副产品市场"
"55429","2016-7-6","富士苹果","9.5","广东省广州市江南农副产品市场"
"55504","2016-7-7","富士苹果","9.5","广东省广州市江南农副产品市场"
"55557","2016-7-8","富士苹果","9.5","广东省广州市江南农副产品市场"
"55600","2016-7-9","富士苹果","9.45","广东省广州市江南农副产品市场"
"55670","2016-7-10","富士苹果","9","广东省广州市江南农副产品市场"
"55739","2016-7-11","富士苹果","9","广东省广州市江南农副产品市场"
"55767","2016-7-12","富士苹果","9","广东省广州市江南农副产品市场"
"55858","2016-7-13","富士苹果","9","广东省广州市江南农副产品市场"
"55883","2016-7-14","富士苹果","9","广东省广州市江南农副产品市场"
"55959","2016-7-15","富士苹果","9","广东省广州市江南农副产品市场"
"56034","2016-7-16","富士苹果","9","广东省广州市江南农副产品市场"
"56073","2016-7-17","富士苹果","8","广东省广州市江南农副产品市场"
"56094","2016-7-18","富士苹果","8","广东省广州市江南农副产品市场"
"56193","2016-7-19","富士苹果","8","广东省广州市江南农副产品市场"
"56263","2016-7-20","富士苹果","8","广东省广州市江南农副产品市场"
"56283","2016-7-21","富士苹果","8","广东省广州市江南农副产品市场"
"56380","2016-7-22","富士苹果","7.9","广东省广州市江南农副产品市场"
"56437","2016-7-23","富士苹果","7.9","广东省广州市江南农副产品市场"
"56439","2016-7-24","富士苹果","7.75","广东省广州市江南农副产品市场"
"56539","2016-7-25","富士苹果","7.65","广东省广州市江南农副产品市场"
"56577","2016-7-26","富士苹果","7.5","广东省广州市江南农副产品市场"
"56636","2016-7-27","富士苹果","7.65","广东省广州市江南农副产品市场"
"56695","2016-7-28","富士苹果","7.75","广东省广州市江南农副产品市场"
"56769","2016-7-29","富士苹果","7.75","广东省广州市江南农副产品市场"
"56817","2016-7-30","富士苹果","7.75","广东省广州市江南农副产品市场"
"56850","2016-7-31","富士苹果","7.75","广东省广州市江南农副产品市场"
"56878","2016-8-1","富士苹果","7.75","广东省广州市江南农副产品市场"
"56957","2016-8-2","富士苹果","7.5","广东省广州市江南农副产品市场"
"57053","2016-8-3","富士苹果","7.5","广东省广州市江南农副产品市场"
"57109","2016-8-4","富士苹果","7.5","广东省广州市江南农副产品市场"
"57142","2016-8-5","富士苹果","7.75","广东省广州市江南农副产品市场"
"57192","2016-8-6","富士苹果","7.9","广东省广州市江南农副产品市场"
"57277","2016-8-7","富士苹果","7.9","广东省广州市江南农副产品市场"
"57307","2016-8-8","富士苹果","7.85","广东省广州市江南农副产品市场"
"57383","2016-8-9","富士苹果","7.7","广东省广州市江南农副产品市场"
"57458","2016-8-10","富士苹果","7.7","广东省广州市江南农副产品市场"
"57527","2016-8-11","富士苹果","7.5","广东省广州市江南农副产品市场"
"57547","2016-8-12","富士苹果","7","广东省广州市江南农副产品市场"
"57629","2016-8-13","富士苹果","7","广东省广州市江南农副产品市场"
"57664","2016-8-14","富士苹果","7","广东省广州市江南农副产品市场"
"57702","2016-8-15","富士苹果","7","广东省广州市江南农副产品市场"
"57808","2016-8-16","富士苹果","7","广东省广州市江南农副产品市场"
"57815","2016-8-17","富士苹果","7","广东省广州市江南农副产品市场"
"57878","2016-8-18","富士苹果","7","广东省广州市江南农副产品市场"
"57938","2016-8-19","富士苹果","7.05","广东省广州市江南农副产品市场"
"57993","2016-8-20","富士苹果","7","广东省广州市江南农副产品市场"
"58065","2016-8-21","富士苹果","7","广东省广州市江南农副产品市场"
"58110","2016-8-22","富士苹果","7","广东省广州市江南农副产品市场"
"58168","2016-8-23","富士苹果","7","广东省广州市江南农副产品市场"
"58235","2016-8-24","富士苹果","7.5","广东省广州市江南农副产品市场"
"58327","2016-8-25","富士苹果","7.5","广东省广州市江南农副产品市场"
"58371","2016-8-26","富士苹果","7.6","广东省广州市江南农副产品市场"
"58432","2016-8-27","富士苹果","7.75","广东省广州市江南农副产品市场"
"58460","2016-8-28","富士苹果","7.75","广东省广州市江南农副产品市场"
"58532","2016-8-29","富士苹果","8.25","广东省广州市江南农副产品市场"
"58561","2016-8-30","富士苹果","7.25","广东省广州市江南农副产品市场"
"58612","2016-8-31","富士苹果","7.5","广东省广州市江南农副产品市场"
"58676","2016-9-1","富士苹果","7.5","广东省广州市江南农副产品市场"
"58776","2016-9-2","富士苹果","8","广东省广州市江南农副产品市场"
"58813","2016-9-3","富士苹果","8","广东省广州市江南农副产品市场"
"58865","2016-9-4","富士苹果","7.95","广东省广州市江南农副产品市场"
"58911","2016-9-5","富士苹果","7.95","广东省广州市江南农副产品市场"
"58953","2016-9-6","富士苹果","11.79","广东省广州市江南农副产品市场"
"59027","2016-9-7","富士苹果","12.86","广东省广州市江南农副产品市场"
"59082","2016-9-8","富士苹果","12.86","广东省广州市江南农副产品市场"
"59157","2016-9-9","富士苹果","12.9","广东省广州市江南农副产品市场"
"59185","2016-9-10","富士苹果","12.9","广东省广州市江南农副产品市场"
"59257","2016-9-11","富士苹果","12.75","广东省广州市江南农副产品市场"
"59297","2016-9-12","富士苹果","12.75","广东省广州市江南农副产品市场"
"59335","2016-9-13","富士苹果","13","广东省广州市江南农副产品市场"
"59425","2016-9-14","富士苹果","12.4","广东省广州市江南农副产品市场"
"59470","2016-9-15","富士苹果","12.25","广东省广州市江南农副产品市场"
"59509","2016-9-16","富士苹果","12.2","广东省广州市江南农副产品市场"
"59534","2016-9-17","富士苹果","16.43","广东省广州市江南农副产品市场"
"59624","2016-9-18","富士苹果","16.29","广东省广州市江南农副产品市场"
"59691","2016-9-19","富士苹果","16.29","广东省广州市江南农副产品市场"
"59719","2016-9-20","富士苹果","16.29","广东省广州市江南农副产品市场"
"59778","2016-9-21","富士苹果","11.25","广东省广州市江南农副产品市场"
"59869","2016-9-22","富士苹果","11.85","广东省广州市江南农副产品市场"
"59882","2016-9-23","富士苹果","11.85","广东省广州市江南农副产品市场"
"59956","2016-9-24","富士苹果","11.25","广东省广州市江南农副产品市场"
"59994","2016-9-25","富士苹果","11.25","广东省广州市江南农副产品市场"
"60039","2016-9-26","富士苹果","11.5","广东省广州市江南农副产品市场"
"60103","2016-9-27","富士苹果","11.5","广东省广州市江南农副产品市场"
"60192","2016-9-28","富士苹果","10","广东省广州市江南农副产品市场"
"60249","2016-9-29","富士苹果","9.5","广东省广州市江南农副产品市场"
"60310","2016-9-30","富士苹果","9.5","广东省广州市江南农副产品市场"
"60325","2016-10-1","富士苹果","8.75","广东省广州市江南农副产品市场"
"60370","2016-10-2","富士苹果","8.75","广东省广州市江南农副产品市场"
"60443","2016-10-3","富士苹果","8.25","广东省广州市江南农副产品市场"
"60462","2016-10-4","富士苹果","8.75","广东省广州市江南农副产品市场"
"60504","2016-10-5","富士苹果","9.29","广东省广州市江南农副产品市场"
"60557","2016-10-8","富士苹果","11.43","广东省广州市江南农副产品市场"
"60628","2016-10-9","富士苹果","12.86","广东省广州市江南农副产品市场"
"60691","2016-10-10","富士苹果","12.5","广东省广州市江南农副产品市场"
"60721","2016-10-11","富士苹果","12.14","广东省广州市江南农副产品市场"
"60840","2016-10-17","富士苹果","7.5","广东省广州市江南农副产品市场"
"60889","2016-10-18","富士苹果","7.25","广东省广州市江南农副产品市场"
"60947","2016-10-19","富士苹果","7","广东省广州市江南农副产品市场"
"60989","2016-10-20","富士苹果","7","广东省广州市江南农副产品市场"
"61060","2016-10-21","富士苹果","7","广东省广州市江南农副产品市场"
"61124","2016-10-22","富士苹果","7","广东省广州市江南农副产品市场"
"61167","2016-10-23","富士苹果","6.75","广东省广州市江南农副产品市场"
"61194","2016-10-24","富士苹果","6.75","广东省广州市江南农副产品市场"
"61235","2016-10-25","富士苹果","6.75","广东省广州市江南农副产品市场"
"61319","2016-10-26","富士苹果","6.8","广东省广州市江南农副产品市场"
"61380","2016-10-27","富士苹果","7.5","广东省广州市江南农副产品市场"
"61390","2016-10-28","富士苹果","7.4","广东省广州市江南农副产品市场"
"61484","2016-10-29","富士苹果","7","广东省广州市江南农副产品市场"
"61529","2016-10-30","富士苹果","8","广东省广州市江南农副产品市场"
"61548","2016-10-31","富士苹果","8.64","广东省广州市江南农副产品市场"
"61644","2016-11-1","富士苹果","8","广东省广州市江南农副产品市场"
"61663","2016-11-2","富士苹果","8.75","广东省广州市江南农副产品市场"
"61764","2016-11-3","富士苹果","8.25","广东省广州市江南农副产品市场"
"61831","2016-11-4","富士苹果","8.1","广东省广州市江南农副产品市场"
"61864","2016-11-5","富士苹果","8","广东省广州市江南农副产品市场"
"61899","2016-11-6","富士苹果","8","广东省广州市江南农副产品市场"
"61963","2016-11-7","富士苹果","8","广东省广州市江南农副产品市场"
"62010","2016-11-8","富士苹果","7.5","广东省广州市江南农副产品市场"
"62103","2016-11-9","富士苹果","7","广东省广州市江南农副产品市场"
"62142","2016-11-10","富士苹果","6.75","广东省广州市江南农副产品市场"
"62241","2016-11-11","富士苹果","6.75","广东省广州市江南农副产品市场"
"62272","2016-11-12","富士苹果","6.75","广东省广州市江南农副产品市场"
"62315","2016-11-13","富士苹果","6.75","广东省广州市江南农副产品市场"
"62364","2016-11-14","富士苹果","6.5","广东省广州市江南农副产品市场"
"62458","2016-11-15","富士苹果","7.5","广东省广州市江南农副产品市场"
"62493","2016-11-16","富士苹果","7.25","广东省广州市江南农副产品市场"
"62544","2016-11-17","富士苹果","7.05","广东省广州市江南农副产品市场"
"62648","2016-11-18","富士苹果","7","广东省广州市江南农副产品市场"
"62710","2016-11-19","富士苹果","6.75","广东省广州市江南农副产品市场"
"62810","2016-11-21","富士苹果","6.75","广东省广州市江南农副产品市场"
"62845","2016-11-22","富士苹果","7","广东省广州市江南农副产品市场"
"62898","2016-11-23","富士苹果","6.9","广东省广州市江南农副产品市场"
"62978","2016-11-24","富士苹果","6.4","广东省广州市江南农副产品市场"
"63065","2016-11-25","富士苹果","6.4","广东省广州市江南农副产品市场"
"63105","2016-11-26","富士苹果","6.75","广东省广州市江南农副产品市场"
"63144","2016-11-27","富士苹果","5.25","广东省广州市江南农副产品市场"
"63204","2016-11-28","富士苹果","5.4","广东省广州市江南农副产品市场"
"63294","2016-11-29","富士苹果","5.25","广东省广州市江南农副产品市场"
"63344","2016-11-30","富士苹果","5.25","广东省广州市江南农副产品市场"
"63408","2016-12-1","富士苹果","5.35","广东省广州市江南农副产品市场"
"63478","2016-12-2","富士苹果","5.75","广东省广州市江南农副产品市场"
"63522","2016-12-3","富士苹果","5.75","广东省广州市江南农副产品市场"
"63539","2016-12-4","富士苹果","6.79","广东省广州市江南农副产品市场"
"63611","2016-12-5","富士苹果","7.5","广东省广州市江南农副产品市场"
"63673","2016-12-6","富士苹果","7.5","广东省广州市江南农副产品市场"
"63749","2016-12-7","富士苹果","7.3","广东省广州市江南农副产品市场"
"63821","2016-12-8","富士苹果","7.5","广东省广州市江南农副产品市场"
"63904","2016-12-9","富士苹果","7.71","广东省广州市江南农副产品市场"
"63934","2016-12-10","富士苹果","7.71","广东省广州市江南农副产品市场"
"63988","2016-12-11","富士苹果","7.8","广东省广州市江南农副产品市场"
"64027","2016-12-12","富士苹果","7.8","广东省广州市江南农副产品市场"
"64098","2016-12-13","富士苹果","7.8","广东省广州市江南农副产品市场"
"64136","2016-12-14","富士苹果","7.5","广东省广州市江南农副产品市场"
"64255","2016-12-15","富士苹果","6.25","广东省广州市江南农副产品市场"
"64298","2016-12-16","富士苹果","6.25","广东省广州市江南农副产品市场"
"64352","2016-12-17","富士苹果","6.3","广东省广州市江南农副产品市场"
"64378","2016-12-18","富士苹果","6.5","广东省广州市江南农副产品市场"
"64444","2016-12-19","富士苹果","6.2","广东省广州市江南农副产品市场"
"64539","2016-12-20","富士苹果","6.75","广东省广州市江南农副产品市场"
"64611","2016-12-21","富士苹果","6.75","广东省广州市江南农副产品市场"
"64657","2016-12-22","富士苹果","6.75","广东省广州市江南农副产品市场"
"64696","2016-12-23","富士苹果","6.9","广东省广州市江南农副产品市场"
"64758","2016-12-24","富士苹果","6.9","广东省广州市江南农副产品市场"
"64809","2016-12-25","富士苹果","6.85","广东省广州市江南农副产品市场"
"64839","2016-12-26","富士苹果","6.75","广东省广州市江南农副产品市场"
"64991","2016-12-28","富士苹果","6.75","广东省广州市江南农副产品市场"
"65047","2016-12-29","富士苹果","6.75","广东省广州市江南农副产品市场"
"65110","2016-12-30","富士苹果","6.75","广东省广州市江南农副产品市场"
"65187","2016-12-31","富士苹果","6.75","广东省广州市江南农副产品市场"
"65203","2017-1-1","富士苹果","6.86","广东省广州市江南农副产品市场"
"65242","2017-1-2","富士苹果","7.14","广东省广州市江南农副产品市场"
"65339","2017-1-3","富士苹果","7.86","广东省广州市江南农副产品市场"
"65383","2017-1-4","富士苹果","8.64","广东省广州市江南农副产品市场"
"65484","2017-1-6","富士苹果","8.21","广东省广州市江南农副产品市场"
"65559","2017-1-7","富士苹果","10","广东省广州市江南农副产品市场"
"65601","2017-1-8","富士苹果","10","广东省广州市江南农副产品市场"
"65656","2017-1-9","富士苹果","10","广东省广州市江南农副产品市场"
"65771","2017-1-10","富士苹果","9.5","广东省广州市江南农副产品市场"
"65827","2017-1-11","富士苹果","9.3","广东省广州市江南农副产品市场"
"65868","2017-1-12","富士苹果","9","广东省广州市江南农副产品市场"
"65973","2017-1-13","富士苹果","9","广东省广州市江南农副产品市场"
"65980","2017-1-14","富士苹果","8.5","广东省广州市江南农副产品市场"
"66105","2017-1-16","富士苹果","8.5","广东省广州市江南农副产品市场"
"66189","2017-1-17","富士苹果","7.75","广东省广州市江南农副产品市场"
"66249","2017-1-18","富士苹果","7","广东省广州市江南农副产品市场"
"66306","2017-1-19","富士苹果","7.1","广东省广州市江南农副产品市场"
"66388","2017-1-20","富士苹果","8","广东省广州市江南农副产品市场"
"66448","2017-1-21","富士苹果","7.75","广东省广州市江南农副产品市场"
"66485","2017-1-22","富士苹果","7.25","广东省广州市江南农副产品市场"
"66565","2017-1-23","富士苹果","7","广东省广州市江南农副产品市场"
"66636","2017-1-24","富士苹果","7","广东省广州市江南农副产品市场"
"66694","2017-1-25","富士苹果","7.25","广东省广州市江南农副产品市场"
"66706","2017-1-26","富士苹果","7.5","广东省广州市江南农副产品市场"
"66769","2017-1-27","富士苹果","7.5","广东省广州市江南农副产品市场"
"66805","2017-1-28","富士苹果","7.5","广东省广州市江南农副产品市场"
"66841","2017-1-29","富士苹果","7","广东省广州市江南农副产品市场"
"66877","2017-1-30","富士苹果","7","广东省广州市江南农副产品市场"
"66921","2017-1-31","富士苹果","6.43","广东省广州市江南农副产品市场"
"66936","2017-2-1","富士苹果","6.57","广东省广州市江南农副产品市场"
"66982","2017-2-2","富士苹果","7.14","广东省广州市江南农副产品市场"
"67018","2017-2-3","富士苹果","7.36","广东省广州市江南农副产品市场"
"67038","2017-2-4","富士苹果","7.86","广东省广州市江南农副产品市场"
"67095","2017-2-5","富士苹果","8.57","广东省广州市江南农副产品市场"
"67176","2017-2-6","富士苹果","9.29","广东省广州市江南农副产品市场"
"67208","2017-2-7","富士苹果","8.75","广东省广州市江南农副产品市场"
"67263","2017-2-8","富士苹果","8","广东省广州市江南农副产品市场"
"67311","2017-2-9","富士苹果","7.75","广东省广州市江南农副产品市场"
"67405","2017-2-10","富士苹果","7.5","广东省广州市江南农副产品市场"
"67455","2017-2-11","富士苹果","7.25","广东省广州市江南农副产品市场"
"67513","2017-2-12","富士苹果","7.25","广东省广州市江南农副产品市场"
"67557","2017-2-13","富士苹果","7.2","广东省广州市江南农副产品市场"
"67614","2017-2-14","富士苹果","7.25","广东省广州市江南农副产品市场"
"67655","2017-2-15","富士苹果","7.25","广东省广州市江南农副产品市场"
"67744","2017-2-16","富士苹果","7.25","广东省广州市江南农副产品市场"
"67817","2017-2-17","富士苹果","7.2","广东省广州市江南农副产品市场"
"67864","2017-2-18","富士苹果","7.25","广东省广州市江南农副产品市场"
"67888","2017-2-19","富士苹果","7.2","广东省广州市江南农副产品市场"
"67965","2017-2-20","富士苹果","7.2","广东省广州市江南农副产品市场"
"68000","2017-2-21","富士苹果","7","广东省广州市江南农副产品市场"
"68091","2017-2-22","富士苹果","7","广东省广州市江南农副产品市场"
"68166","2017-2-23","富士苹果","7","广东省广州市江南农副产品市场"
"68207","2017-2-24","富士苹果","6.5","广东省广州市江南农副产品市场"
"68290","2017-2-25","富士苹果","6.75","广东省广州市江南农副产品市场"
"68324","2017-2-26","富士苹果","6.75","广东省广州市江南农副产品市场"
"68342","2017-2-27","富士苹果","6.7","广东省广州市江南农副产品市场"
"68439","2017-2-28","富士苹果","6.75","广东省广州市江南农副产品市场"
"68478","2017-3-1","富士苹果","6.7","广东省广州市江南农副产品市场"
"68581","2017-3-2","富士苹果","7.25","广东省广州市江南农副产品市场"
"68605","2017-3-3","富士苹果","6.75","广东省广州市江南农副产品市场"
"68700","2017-3-4","富士苹果","6.75","广东省广州市江南农副产品市场"
"68735","2017-3-5","富士苹果","6.75","广东省广州市江南农副产品市场"
"68781","2017-3-6","富士苹果","6.7","广东省广州市江南农副产品市场"
"68841","2017-3-7","富士苹果","7","广东省广州市江南农副产品市场"
"68914","2017-3-8","富士苹果","6.55","广东省广州市江南农副产品市场"
"68998","2017-3-9","富士苹果","6.65","广东省广州市江南农副产品市场"
"69017","2017-3-10","富士苹果","6.85","广东省广州市江南农副产品市场"
"69142","2017-3-13","富士苹果","7.5","广东省广州市江南农副产品市场"
"69189","2017-3-14","富士苹果","7.75","广东省广州市江南农副产品市场"
"69305","2017-3-16","富士苹果","6.55","广东省广州市江南农副产品市场"
"69403","2017-3-17","富士苹果","7","广东省广州市江南农副产品市场"
"69438","2017-3-18","富士苹果","7.15","广东省广州市江南农副产品市场"
"69475","2017-3-19","富士苹果","7.25","广东省广州市江南农副产品市场"
"69564","2017-3-20","富士苹果","7.5","广东省广州市江南农副产品市场"
"69604","2017-3-21","富士苹果","7.45","广东省广州市江南农副产品市场"
"69661","2017-3-22","富士苹果","7.55","广东省广州市江南农副产品市场"
"69703","2017-3-23","富士苹果","7.55","广东省广州市江南农副产品市场"
"69798","2017-3-24","富士苹果","7.85","广东省广州市江南农副产品市场"
"69846","2017-3-25","富士苹果","7.9","广东省广州市江南农副产品市场"
"69863","2017-3-26","富士苹果","7.8","广东省广州市江南农副产品市场"
"69927","2017-3-27","富士苹果","7.8","广东省广州市江南农副产品市场"
"69948","2017-3-28","富士苹果","7.3","广东省广州市江南农副产品市场"
"70058","2017-3-29","富士苹果","7.25","广东省广州市江南农副产品市场"
"70077","2017-3-30","富士苹果","7","广东省广州市江南农副产品市场"
"70151","2017-3-31","富士苹果","7","广东省广州市江南农副产品市场"
"70247","2017-4-2","富士苹果","7.1","广东省广州市江南农副产品市场"
"70295","2017-4-3","富士苹果","7","广东省广州市江南农副产品市场"
"70325","2017-4-4","富士苹果","7","广东省广州市江南农副产品市场"
"70394","2017-4-5","富士苹果","7","广东省广州市江南农副产品市场"
"70460","2017-4-6","富士苹果","7","广东省广州市江南农副产品市场"
"70499","2017-4-7","富士苹果","6.95","广东省广州市江南农副产品市场"
"70554","2017-4-8","富士苹果","7","广东省广州市江南农副产品市场"
"70578","2017-4-9","富士苹果","7.05","广东省广州市江南农副产品市场"
"70639","2017-4-10","富士苹果","7.05","广东省广州市江南农副产品市场"
"70727","2017-4-11","富士苹果","7","广东省广州市江南农副产品市场"
"70781","2017-4-12","富士苹果","7","广东省广州市江南农副产品市场"
"70830","2017-4-13","富士苹果","7","广东省广州市江南农副产品市场"
"70875","2017-4-14","富士苹果","7","广东省广州市江南农副产品市场"
"70921","2017-4-15","富士苹果","7","广东省广州市江南农副产品市场"
"71001","2017-4-16","富士苹果","7","广东省广州市江南农副产品市场"
"71025","2017-4-17","富士苹果","7","广东省广州市江南农副产品市场"
"71079","2017-4-18","富士苹果","7","广东省广州市江南农副产品市场"
"71158","2017-4-19","富士苹果","7","广东省广州市江南农副产品市场"
"71235","2017-4-20","富士苹果","7.1","广东省广州市江南农副产品市场"
"71307","2017-4-21","富士苹果","7.35","广东省广州市江南农副产品市场"
"71358","2017-4-22","富士苹果","8","广东省广州市江南农副产品市场"
"71405","2017-4-23","富士苹果","8","广东省广州市江南农副产品市场"
"71460","2017-4-24","富士苹果","8.25","广东省广州市江南农副产品市场"
"71472","2017-4-25","富士苹果","8.25","广东省广州市江南农副产品市场"
"71567","2017-4-26","富士苹果","8.25","广东省广州市江南农副产品市场"
"71612","2017-4-27","富士苹果","8.25","广东省广州市江南农副产品市场"
"71703","2017-4-28","富士苹果","8","广东省广州市江南农副产品市场"
"71712","2017-4-29","富士苹果","8","广东省广州市江南农副产品市场"
"71775","2017-4-30","富士苹果","7.5","广东省广州市江南农副产品市场"
"71800","2017-5-1","富士苹果","7.4","广东省广州市江南农副产品市场"
"71862","2017-5-2","富士苹果","7.35","广东省广州市江南农副产品市场"
"71906","2017-5-3","富士苹果","7.25","广东省广州市江南农副产品市场"
"71956","2017-5-4","富士苹果","7.25","广东省广州市江南农副产品市场"
"72032","2017-5-5","富士苹果","7.25","广东省广州市江南农副产品市场"
"72092","2017-5-6","富士苹果","7.25","广东省广州市江南农副产品市场"
"72153","2017-5-7","富士苹果","7.25","广东省广州市江南农副产品市场"
"72172","2017-5-8","富士苹果","7.25","广东省广州市江南农副产品市场"
"72253","2017-5-9","富士苹果","7.5","广东省广州市江南农副产品市场"
"72296","2017-5-10","富士苹果","8","广东省广州市江南农副产品市场"
"72396","2017-5-11","富士苹果","7.8","广东省广州市江南农副产品市场"
"72411","2017-5-12","富士苹果","7.75","广东省广州市江南农副产品市场"
"72465","2017-5-13","富士苹果","7.75","广东省广州市江南农副产品市场"
"72532","2017-5-14","富士苹果","6.5","广东省广州市江南农副产品市场"
"72557","2017-5-16","富士苹果","6.75","广东省广州市江南农副产品市场"
"72622","2017-5-17","富士苹果","6.5","广东省广州市江南农副产品市场"
"72673","2017-5-18","富士苹果","6.5","广东省广州市江南农副产品市场"
"72723","2017-5-19","富士苹果","7","广东省广州市江南农副产品市场"
"72806","2017-5-20","富士苹果","7.25","广东省广州市江南农副产品市场"
"72830","2017-5-21","富士苹果","7.25","广东省广州市江南农副产品市场"
"72885","2017-5-22","富士苹果","7.25","广东省广州市江南农副产品市场"
"72957","2017-5-23","富士苹果","6.75","广东省广州市江南农副产品市场"
"73034","2017-5-24","富士苹果","6.75","广东省广州市江南农副产品市场"
"73084","2017-5-25","富士苹果","6.5","广东省广州市江南农副产品市场"
"73112","2017-5-26","富士苹果","6.25","广东省广州市江南农副产品市场"
"73181","2017-5-27","富士苹果","6","广东省广州市江南农副产品市场"
"73235","2017-5-28","富士苹果","6.25","广东省广州市江南农副产品市场"
"73260","2017-5-29","富士苹果","6.35","广东省广州市江南农副产品市场"
"73337","2017-5-30","富士苹果","6.25","广东省广州市江南农副产品市场"
"73353","2017-5-31","富士苹果","6.25","广东省广州市江南农副产品市场"
"73440","2017-6-1","富士苹果","6","广东省广州市江南农副产品市场"
"73491","2017-6-2","富士苹果","6.1","广东省广州市江南农副产品市场"
"73497","2017-6-3","富士苹果","6","广东省广州市江南农副产品市场"
"73560","2017-6-4","富士苹果","6.1","广东省广州市江南农副产品市场"
"73636","2017-6-5","富士苹果","6.1","广东省广州市江南农副产品市场"
"73681","2017-6-6","富士苹果","6.25","广东省广州市江南农副产品市场"
"73770","2017-6-7","富士苹果","6.75","广东省广州市江南农副产品市场"
"73818","2017-6-8","富士苹果","6.75","广东省广州市江南农副产品市场"
"73870","2017-6-9","富士苹果","6.75","广东省广州市江南农副产品市场"
"73938","2017-6-10","富士苹果","6.75","广东省广州市江南农副产品市场"
"73967","2017-6-11","富士苹果","6.65","广东省广州市江南农副产品市场"
"74005","2017-6-12","富士苹果","6.85","广东省广州市江南农副产品市场"
"74075","2017-6-13","富士苹果","6.85","广东省广州市江南农副产品市场"
"74133","2017-6-14","富士苹果","7.3","广东省广州市江南农副产品市场"
"74205","2017-6-15","富士苹果","7.25","广东省广州市江南农副产品市场"
"74228","2017-6-16","富士苹果","7.3","广东省广州市江南农副产品市场"
"74295","2017-6-17","富士苹果","7.4","广东省广州市江南农副产品市场"
"74333","2017-6-18","富士苹果","7.5","广东省广州市江南农副产品市场"
"74379","2017-6-19","富士苹果","7.6","广东省广州市江南农副产品市场"
"74440","2017-6-20","富士苹果","7.6","广东省广州市江南农副产品市场"
"74537","2017-6-21","富士苹果","7.6","广东省广州市江南农副产品市场"
"74603","2017-6-22","富士苹果","7.75","广东省广州市江南农副产品市场"
"74624","2017-6-23","富士苹果","7.75","广东省广州市江南农副产品市场"
"74693","2017-6-24","富士苹果","7.75","广东省广州市江南农副产品市场"
"74717","2017-6-25","富士苹果","7.75","广东省广州市江南农副产品市场"
"74784","2017-6-26","富士苹果","7.75","广东省广州市江南农副产品市场"
"74858","2017-6-27","富士苹果","7.25","广东省广州市江南农副产品市场"
"74889","2017-6-28","富士苹果","7.5","广东省广州市江南农副产品市场"
"74971","2017-6-29","富士苹果","7.45","广东省广州市江南农副产品市场"
"75006","2017-6-30","富士苹果","7.4","广东省广州市江南农副产品市场"
"75050","2017-7-1","富士苹果","7.5","广东省广州市江南农副产品市场"
"75108","2017-7-2","富士苹果","7.5","广东省广州市江南农副产品市场"
"75139","2017-7-3","富士苹果","7.5","广东省广州市江南农副产品市场"
"75195","2017-7-4","富士苹果","7.5","广东省广州市江南农副产品市场"
"75275","2017-7-5","富士苹果","7.25","广东省广州市江南农副产品市场"
"75329","2017-7-6","富士苹果","7","广东省广州市江南农副产品市场"
"75398","2017-7-7","富士苹果","7.25","广东省广州市江南农副产品市场"
"75441","2017-7-8","富士苹果","7.5","广东省广州市江南农副产品市场"
"75485","2017-7-9","富士苹果","7.5","广东省广州市江南农副产品市场"
"75501","2017-7-10","富士苹果","7.5","广东省广州市江南农副产品市场"
"75580","2017-7-11","富士苹果","7.6","广东省广州市江南农副产品市场"
"75640","2017-7-12","富士苹果","7.75","广东省广州市江南农副产品市场"
"75683","2017-7-13","富士苹果","7.35","广东省广州市江南农副产品市场"
"76087","2017-7-21","富士苹果","7.35","广东省广州市江南农副产品市场"
"76308","2017-7-25","富士苹果","7.25","广东省广州市江南农副产品市场"
"76790","2017-8-4","富士苹果","7.3","广东省广州市江南农副产品市场"
"76847","2017-8-5","富士苹果","7.25","广东省广州市江南农副产品市场"
"76894","2017-8-6","富士苹果","7.25","广东省广州市江南农副产品市场"
"76948","2017-8-7","富士苹果","7.3","广东省广州市江南农副产品市场"
"76980","2017-8-8","富士苹果","7.3","广东省广州市江南农副产品市场"
"77087","2017-8-9","富士苹果","7.3","广东省广州市江南农副产品市场"
"77124","2017-8-10","富士苹果","7.75","广东省广州市江南农副产品市场"
"77196","2017-8-11","富士苹果","8.05","广东省广州市江南农副产品市场"
"77259","2017-8-12","富士苹果","8.05","广东省广州市江南农副产品市场"
"77304","2017-8-13","富士苹果","8.05","广东省广州市江南农副产品市场"
"77357","2017-8-14","富士苹果","8.05","广东省广州市江南农副产品市场"
"77416","2017-8-15","富士苹果","8","广东省广州市江南农副产品市场"
"77430","2017-8-16","富士苹果","8.25","广东省广州市江南农副产品市场"
"77503","2017-8-17","富士苹果","8","广东省广州市江南农副产品市场"
"77531","2017-8-18","富士苹果","8","广东省广州市江南农副产品市场"
"77622","2017-8-19","富士苹果","8.05","广东省广州市江南农副产品市场"
"77656","2017-8-21","富士苹果","7.95","广东省广州市江南农副产品市场"
"77732","2017-8-22","富士苹果","7.85","广东省广州市江南农副产品市场"
"77776","2017-8-23","富士苹果","7.85","广东省广州市江南农副产品市场"
"77827","2017-8-24","富士苹果","7.25","广东省广州市江南农副产品市场"
"77890","2017-8-25","富士苹果","8","广东省广州市江南农副产品市场"
"77936","2017-8-26","富士苹果","7.75","广东省广州市江南农副产品市场"
"77960","2017-8-27","富士苹果","7.5","广东省广州市江南农副产品市场"
"78019","2017-8-28","富士苹果","7.25","广东省广州市江南农副产品市场"
"78072","2017-8-29","富士苹果","7.25","广东省广州市江南农副产品市场"
"78119","2017-8-30","富士苹果","7.75","广东省广州市江南农副产品市场"
"78166","2017-8-31","富士苹果","8","广东省广州市江南农副产品市场"
"78220","2017-9-1","富士苹果","8","广东省广州市江南农副产品市场"
"78263","2017-9-2","富士苹果","7.9","广东省广州市江南农副产品市场"
"78308","2017-9-3","富士苹果","7.75","广东省广州市江南农副产品市场"
"78357","2017-9-5","富士苹果","8","广东省广州市江南农副产品市场"
"78473","2017-9-7","富士苹果","8","广东省广州市江南农副产品市场"
"78541","2017-9-8","富士苹果","8","广东省广州市江南农副产品市场"
"78559","2017-9-9","富士苹果","8","广东省广州市江南农副产品市场"
"78624","2017-9-11","富士苹果","8","广东省广州市江南农副产品市场"
"78779","2017-9-13","富士苹果","7.55","广东省广州市江南农副产品市场"
"78786","2017-9-14","富士苹果","7.55","广东省广州市江南农副产品市场"
"78870","2017-9-15","富士苹果","7.5","广东省广州市江南农副产品市场"
"78884","2017-9-16","富士苹果","7.5","广东省广州市江南农副产品市场"
"78933","2017-9-17","富士苹果","7.25","广东省广州市江南农副产品市场"
"78985","2017-9-18","富士苹果","7.25","广东省广州市江南农副产品市场"
"79070","2017-9-19","富士苹果","7.25","广东省广州市江南农副产品市场"
"79121","2017-9-20","富士苹果","7","广东省广州市江南农副产品市场"
"79159","2017-9-21","富士苹果","7","广东省广州市江南农副产品市场"
"79244","2017-9-22","富士苹果","7.5","广东省广州市江南农副产品市场"
"79302","2017-9-23","富士苹果","7.5","广东省广州市江南农副产品市场"
"79359","2017-9-24","富士苹果","7.5","广东省广州市江南农副产品市场"
"79421","2017-9-26","富士苹果","8","广东省广州市江南农副产品市场"
"79509","2017-9-27","富士苹果","8","广东省广州市江南农副产品市场"
"79562","2017-9-28","富士苹果","8","广东省广州市江南农副产品市场"
"79583","2017-9-29","富士苹果","8.25","广东省广州市江南农副产品市场"
"79678","2017-9-30","富士苹果","8.75","广东省广州市江南农副产品市场"
"79695","2017-10-1","富士苹果","8.65","广东省广州市江南农副产品市场"
"79794","2017-10-2","富士苹果","8.75","广东省广州市江南农副产品市场"
"79844","2017-10-3","富士苹果","8.75","广东省广州市江南农副产品市场"
"79860","2017-10-4","富士苹果","8.75","广东省广州市江南农副产品市场"
"79897","2017-10-5","富士苹果","7","广东省广州市江南农副产品市场"
"79943","2017-10-6","富士苹果","7","广东省广州市江南农副产品市场"
"80031","2017-10-7","富士苹果","7","广东省广州市江南农副产品市场"
"80045","2017-10-8","富士苹果","6.65","广东省广州市江南农副产品市场"
"80125","2017-10-9","富士苹果","6.65","广东省广州市江南农副产品市场"
"80168","2017-10-10","富士苹果","6.8","广东省广州市江南农副产品市场"
"80193","2017-10-11","富士苹果","7","广东省广州市江南农副产品市场"
"80246","2017-10-12","富士苹果","7.75","广东省广州市江南农副产品市场"
"80295","2017-10-13","富士苹果","7.75","广东省广州市江南农副产品市场"
"80382","2017-10-14","富士苹果","7.75","广东省广州市江南农副产品市场"
"80430","2017-10-15","富士苹果","7.8","广东省广州市江南农副产品市场"
"80469","2017-10-16","富士苹果","8","广东省广州市江南农副产品市场"
"80510","2017-10-17","富士苹果","7.75","广东省广州市江南农副产品市场"
"80570","2017-10-18","富士苹果","7.5","广东省广州市江南农副产品市场"
"80679","2017-10-19","富士苹果","9","广东省广州市江南农副产品市场"
"80718","2017-10-20","富士苹果","8.75","广东省广州市江南农副产品市场"
"80792","2017-10-21","富士苹果","8.25","广东省广州市江南农副产品市场"
"80808","2017-10-22","富士苹果","7.75","广东省广州市江南农副产品市场"
"80904","2017-10-23","富士苹果","7.7","广东省广州市江南农副产品市场"
"80939","2017-10-24","富士苹果","7.35","广东省广州市江南农副产品市场"
"80971","2017-10-25","富士苹果","7.35","广东省广州市江南农副产品市场"
"81084","2017-10-26","富士苹果","7","广东省广州市江南农副产品市场"
"81134","2017-10-27","富士苹果","7","广东省广州市江南农副产品市场"
"81196","2017-10-28","富士苹果","6.5","广东省广州市江南农副产品市场"
"81203","2017-10-29","富士苹果","6.7","广东省广州市江南农副产品市场"
"81252","2017-10-30","富士苹果","6.7","广东省广州市江南农副产品市场"
"81337","2017-10-31","富士苹果","7","广东省广州市江南农副产品市场"
"81403","2017-11-1","富士苹果","7","广东省广州市江南农副产品市场"
"81476","2017-11-2","富士苹果","7","广东省广州市江南农副产品市场"
"81506","2017-11-3","富士苹果","7","广东省广州市江南农副产品市场"
"81540","2017-11-4","富士苹果","7","广东省广州市江南农副产品市场"
"81611","2017-11-5","富士苹果","7","广东省广州市江南农副产品市场"
"81662","2017-11-6","富士苹果","7","广东省广州市江南农副产品市场"
"81744","2017-11-7","富士苹果","7","广东省广州市江南农副产品市场"
"81769","2017-11-8","富士苹果","7.75","广东省广州市江南农副产品市场"
"81848","2017-11-9","富士苹果","7.75","广东省广州市江南农副产品市场"
"81872","2017-11-10","富士苹果","7.75","广东省广州市江南农副产品市场"
"81965","2017-11-11","富士苹果","6.75","广东省广州市江南农副产品市场"
"81998","2017-11-12","富士苹果","6.75","广东省广州市江南农副产品市场"
"82053","2017-11-13","富士苹果","7","广东省广州市江南农副产品市场"
"82098","2017-11-14","富士苹果","7.1","广东省广州市江南农副产品市场"
"82200","2017-11-15","富士苹果","6.75","广东省广州市江南农副产品市场"
"82258","2017-11-16","富士苹果","6.75","广东省广州市江南农副产品市场"
"82313","2017-11-17","富士苹果","6.75","广东省广州市江南农副产品市场"
"82324","2017-11-18","富士苹果","6.75","广东省广州市江南农副产品市场"
"82399","2017-11-19","富士苹果","6.5","广东省广州市江南农副产品市场"
"82467","2017-11-20","富士苹果","6.75","广东省广州市江南农副产品市场"
"82518","2017-11-21","富士苹果","6.8","广东省广州市江南农副产品市场"
"82575","2017-11-22","富士苹果","6.7","广东省广州市江南农副产品市场"
"82599","2017-11-23","富士苹果","6.7","广东省广州市江南农副产品市场"
"82684","2017-11-24","富士苹果","6.7","广东省广州市江南农副产品市场"
"82708","2017-11-25","富士苹果","6.65","广东省广州市江南农副产品市场"
"82756","2017-11-26","富士苹果","6.5","广东省广州市江南农副产品市场"
"82832","2017-11-27","富士苹果","6","广东省广州市江南农副产品市场"
"82901","2017-11-28","富士苹果","6","广东省广州市江南农副产品市场"
"82936","2017-11-29","富士苹果","6","广东省广州市江南农副产品市场"
"83021","2017-11-30","富士苹果","6","广东省广州市江南农副产品市场"
"83062","2017-12-1","富士苹果","6","广东省广州市江南农副产品市场"
"83090","2017-12-2","富士苹果","6.05","广东省广州市江南农副产品市场"
"83176","2017-12-3","富士苹果","6.05","广东省广州市江南农副产品市场"
"83203","2017-12-4","富士苹果","6.5","广东省广州市江南农副产品市场"
"83252","2017-12-5","富士苹果","6.6","广东省广州市江南农副产品市场"
"83337","2017-12-6","富士苹果","6.5","广东省广州市江南农副产品市场"
"83399","2017-12-7","富士苹果","6.5","广东省广州市江南农副产品市场"
"83418","2017-12-8","富士苹果","6.75","广东省广州市江南农副产品市场"
"83462","2017-12-9","富士苹果","7","广东省广州市江南农副产品市场"
"83512","2017-12-10","富士苹果","7.1","广东省广州市江南农副产品市场"
"83582","2017-12-11","富士苹果","7.1","广东省广州市江南农副产品市场"
"83631","2017-12-12","富士苹果","7","广东省广州市江南农副产品市场"
"83677","2017-12-14","富士苹果","7.1","广东省广州市江南农副产品市场"
"83785","2017-12-16","富士苹果","7.75","广东省广州市江南农副产品市场"
"83828","2017-12-17","富士苹果","7.5","广东省广州市江南农副产品市场"
"83908","2017-12-18","富士苹果","7.4","广东省广州市江南农副产品市场"
"83926","2017-12-19","富士苹果","7","广东省广州市江南农副产品市场"
"83980","2017-12-20","富士苹果","7","广东省广州市江南农副产品市场"
"84050","2017-12-21","富士苹果","6.5","广东省广州市江南农副产品市场"
"84085","2017-12-22","富士苹果","7","广东省广州市江南农副产品市场"
"84132","2017-12-23","富士苹果","7","广东省广州市江南农副产品市场"
"84176","2017-12-24","富士苹果","7","广东省广州市江南农副产品市场"
"84272","2017-12-25","富士苹果","7.35","广东省广州市江南农副产品市场"
"84281","2017-12-26","富士苹果","7.25","广东省广州市江南农副产品市场"
"84335","2017-12-27","富士苹果","7.15","广东省广州市江南农副产品市场"
"84397","2017-12-28","富士苹果","7.25","广东省广州市江南农副产品市场"
"84458","2017-12-29","富士苹果","7.25","广东省广州市江南农副产品市场"
"84513","2017-12-30","富士苹果","7","广东省广州市江南农副产品市场"
"84533","2017-12-31","富士苹果","6.75","广东省广州市江南农副产品市场"
"84605","2018-1-1","富士苹果","6.75","广东省广州市江南农副产品市场"
"84696","2018-1-3","富士苹果","7","广东省广州市江南农副产品市场"
"84739","2018-1-4","富士苹果","7.1","广东省广州市江南农副产品市场"
"84759","2018-1-5","富士苹果","7","广东省广州市江南农副产品市场"
"84831","2018-1-6","富士苹果","6.75","广东省广州市江南农副产品市场"
"84872","2018-1-7","富士苹果","6.75","广东省广州市江南农副产品市场"
"84892","2018-1-8","富士苹果","7","广东省广州市江南农副产品市场"
"84953","2018-1-9","富士苹果","7","广东省广州市江南农副产品市场"
"85009","2018-1-10","富士苹果","6.75","广东省广州市江南农副产品市场"
"85074","2018-1-11","富士苹果","6.75","广东省广州市江南农副产品市场"
"85080","2018-1-12","富士苹果","6.75","广东省广州市江南农副产品市场"
"85141","2018-1-13","富士苹果","6.75","广东省广州市江南农副产品市场"
"85156","2018-1-14","富士苹果","6.75","广东省广州市江南农副产品市场"
"85208","2018-1-15","富士苹果","6.75","广东省广州市江南农副产品市场"
"85322","2018-1-18","富士苹果","6.5","广东省广州市江南农副产品市场"
"85379","2018-1-19","富士苹果","6.6","广东省广州市江南农副产品市场"
"85455","2018-1-20","富士苹果","7","广东省广州市江南农副产品市场"
"85500","2018-1-21","富士苹果","7","广东省广州市江南农副产品市场"
"85558","2018-1-22","富士苹果","7.1","广东省广州市江南农副产品市场"
"85605","2018-1-23","富士苹果","7.5","广东省广州市江南农副产品市场"
"85674","2018-1-24","富士苹果","7.5","广东省广州市江南农副产品市场"
"85699","2018-1-25","富士苹果","7.5","广东省广州市江南农副产品市场"
"85732","2018-1-26","富士苹果","7.5","广东省广州市江南农副产品市场"
"85783","2018-1-27","富士苹果","7.5","广东省广州市江南农副产品市场"
"85835","2018-1-28","富士苹果","7.5","广东省广州市江南农副产品市场"
"85887","2018-1-29","富士苹果","7.75","广东省广州市江南农副产品市场"
"85921","2018-1-30","富士苹果","7.25","广东省广州市江南农副产品市场"
"85963","2018-1-31","富士苹果","7.75","广东省广州市江南农副产品市场"
"86025","2018-2-1","富士苹果","7.75","广东省广州市江南农副产品市场"
"86084","2018-2-2","富士苹果","7.25","广东省广州市江南农副产品市场"
"86135","2018-2-3","富士苹果","7.25","广东省广州市江南农副产品市场"
"86169","2018-2-4","富士苹果","7","广东省广州市江南农副产品市场"
"86265","2018-2-5","富士苹果","7.25","广东省广州市江南农副产品市场"
"86269","2018-2-6","富士苹果","7.25","广东省广州市江南农副产品市场"
"86369","2018-2-7","富士苹果","7.25","广东省广州市江南农副产品市场"
"86374","2018-2-8","富士苹果","7.5","广东省广州市江南农副产品市场"
"86462","2018-2-9","富士苹果","7.5","广东省广州市江南农副产品市场"
"86496","2018-2-10","富士苹果","7.5","广东省广州市江南农副产品市场"
"86546","2018-2-11","富士苹果","7.5","广东省广州市江南农副产品市场"
"86606","2018-2-12","富士苹果","7.5","广东省广州市江南农副产品市场"
"86622","2018-2-13","富士苹果","7.75","广东省广州市江南农副产品市场"
"86665","2018-2-14","富士苹果","7.75","广东省广州市江南农副产品市场"
"86725","2018-2-15","富士苹果","7.75","广东省广州市江南农副产品市场"
"86757","2018-2-16","富士苹果","7.75","广东省广州市江南农副产品市场"
"86805","2018-2-17","富士苹果","7.75","广东省广州市江南农副产品市场"
"86833","2018-2-21","富士苹果","8.93","广东省广州市江南农副产品市场"
"86845","2018-2-22","富士苹果","8.93","广东省广州市江南农副产品市场"
"86914","2018-2-23","富士苹果","8.79","广东省广州市江南农副产品市场"
"86967","2018-2-24","富士苹果","8.93","广东省广州市江南农副产品市场"
"86978","2018-2-25","富士苹果","8.5","广东省广州市江南农副产品市场"
"87034","2018-2-27","富士苹果","8.25","广东省广州市江南农副产品市场"
"87052","2018-2-28","富士苹果","7.75","广东省广州市江南农副产品市场"
"87098","2018-3-1","富士苹果","8","广东省广州市江南农副产品市场"
"87170","2018-3-2","富士苹果","7.5","广东省广州市江南农副产品市场"
"87228","2018-3-3","富士苹果","6.75","广东省广州市江南农副产品市场"
"87257","2018-3-4","富士苹果","7","广东省广州市江南农副产品市场"
"87287","2018-3-5","富士苹果","6.75","广东省广州市江南农副产品市场"
"87340","2018-3-6","富士苹果","6.75","广东省广州市江南农副产品市场"
"87410","2018-3-7","富士苹果","7","广东省广州市江南农副产品市场"
"87498","2018-3-9","富士苹果","7","广东省广州市江南农副产品市场"
"87546","2018-3-10","富士苹果","7","广东省广州市江南农副产品市场"
"87581","2018-3-11","富士苹果","7","广东省广州市江南农副产品市场"
"87640","2018-3-12","富士苹果","7","广东省广州市江南农副产品市场"
"87696","2018-3-13","富士苹果","7","广东省广州市江南农副产品市场"
"87762","2018-3-14","富士苹果","6.75","广东省广州市江南农副产品市场"
"87812","2018-3-15","富士苹果","6.75","广东省广州市江南农副产品市场"
"87868","2018-3-16","富士苹果","6.75","广东省广州市江南农副产品市场"
"87891","2018-3-17","富士苹果","7.25","广东省广州市江南农副产品市场"
"87917","2018-3-18","富士苹果","6.85","广东省广州市江南农副产品市场"
"87998","2018-3-19","富士苹果","6.85","广东省广州市江南农副产品市场"
"88048","2018-3-20","富士苹果","7.1","广东省广州市江南农副产品市场"
"88059","2018-3-21","富士苹果","7.25","广东省广州市江南农副产品市场"
"88142","2018-3-22","富士苹果","7.35","广东省广州市江南农副产品市场"
"88169","2018-3-23","富士苹果","7.5","广东省广州市江南农副产品市场"
"88232","2018-3-24","富士苹果","7.75","广东省广州市江南农副产品市场"
"88294","2018-3-25","富士苹果","7.85","广东省广州市江南农副产品市场"
"88308","2018-3-26","富士苹果","7.85","广东省广州市江南农副产品市场"
"88456","2018-3-28","富士苹果","8.25","广东省广州市江南农副产品市场"
"88495","2018-3-29","富士苹果","8.25","广东省广州市江南农副产品市场"
"88511","2018-3-30","富士苹果","8.25","广东省广州市江南农副产品市场"
"88582","2018-3-31","富士苹果","8.25","广东省广州市江南农副产品市场"
"88613","2018-4-1","富士苹果","8.15","广东省广州市江南农副产品市场"
"88648","2018-4-2","富士苹果","8.25","广东省广州市江南农副产品市场"
"88709","2018-4-3","富士苹果","8.25","广东省广州市江南农副产品市场"
"88767","2018-4-4","富士苹果","8","广东省广州市江南农副产品市场"
"88786","2018-4-5","富士苹果","8","广东省广州市江南农副产品市场"
"88841","2018-4-6","富士苹果","8","广东省广州市江南农副产品市场"
"88877","2018-4-7","富士苹果","8","广东省广州市江南农副产品市场"
"88904","2018-4-8","富士苹果","8.05","广东省广州市江南农副产品市场"
"88997","2018-4-10","富士苹果","8.1","广东省广州市江南农副产品市场"
"89018","2018-4-11","富士苹果","7.75","广东省广州市江南农副产品市场"
"89056","2018-4-12","富士苹果","7.25","广东省广州市江南农副产品市场"
"89139","2018-4-13","富士苹果","7","广东省广州市江南农副产品市场"
"89150","2018-4-14","富士苹果","7","广东省广州市江南农副产品市场"
"89206","2018-4-15","富士苹果","6.95","广东省广州市江南农副产品市场"
"89261","2018-4-16","富士苹果","7","广东省广州市江南农副产品市场"
"89274","2018-4-17","富士苹果","7.05","广东省广州市江南农副产品市场"
"89352","2018-4-18","富士苹果","7.1","广东省广州市江南农副产品市场"
"89418","2018-4-19","富士苹果","7","广东省广州市江南农副产品市场"
"89435","2018-4-20","富士苹果","7","广东省广州市江南农副产品市场"
"89479","2018-4-21","富士苹果","7","广东省广州市江南农副产品市场"
"89527","2018-4-22","富士苹果","6.9","广东省广州市江南农副产品市场"
"89580","2018-4-23","富士苹果","7","广东省广州市江南农副产品市场"
"89636","2018-4-24","富士苹果","7","广东省广州市江南农副产品市场"
"89648","2018-4-25","富士苹果","6.5","广东省广州市江南农副产品市场"
"89717","2018-4-26","富士苹果","6.25","广东省广州市江南农副产品市场"
"89781","2018-4-27","富士苹果","6.4","广东省广州市江南农副产品市场"
"89839","2018-4-28","富士苹果","6.75","广东省广州市江南农副产品市场"
"89850","2018-4-29","富士苹果","6.75","广东省广州市江南农副产品市场"
"89891","2018-4-30","富士苹果","7.05","广东省广州市江南农副产品市场"
"89952","2018-5-1","富士苹果","7","广东省广州市江南农副产品市场"
"90006","2018-5-2","富士苹果","7","广东省广州市江南农副产品市场"
"90029","2018-5-3","富士苹果","7","广东省广州市江南农副产品市场"
"90066","2018-5-4","富士苹果","7","广东省广州市江南农副产品市场"
"90114","2018-5-5","富士苹果","7","广东省广州市江南农副产品市场"
"90174","2018-5-6","富士苹果","7.25","广东省广州市江南农副产品市场"
"90226","2018-5-7","富士苹果","7.25","广东省广州市江南农副产品市场"
"90315","2018-5-9","富士苹果","7.5","广东省广州市江南农副产品市场"
"90366","2018-5-10","富士苹果","8","广东省广州市江南农副产品市场"
"90449","2018-5-12","富士苹果","7.75","广东省广州市江南农副产品市场"
"90462","2018-5-13","富士苹果","7.25","广东省广州市江南农副产品市场"
"90504","2018-5-14","富士苹果","7.3","广东省广州市江南农副产品市场"
"90560","2018-5-15","富士苹果","7.3","广东省广州市江南农副产品市场"
"90602","2018-5-16","富士苹果","7.8","广东省广州市江南农副产品市场"
"90659","2018-5-17","富士苹果","7.9","广东省广州市江南农副产品市场"
"90695","2018-5-18","富士苹果","8","广东省广州市江南农副产品市场"
"90765","2018-5-19","富士苹果","8","广东省广州市江南农副产品市场"
"90774","2018-5-20","富士苹果","7.9","广东省广州市江南农副产品市场"
"90808","2018-5-21","富士苹果","8.05","广东省广州市江南农副产品市场"
"90905","2018-5-22","富士苹果","8.05","广东省广州市江南农副产品市场"
"90952","2018-5-23","富士苹果","8.25","广东省广州市江南农副产品市场"
"90997","2018-5-24","富士苹果","8","广东省广州市江南农副产品市场"
"91024","2018-5-25","富士苹果","8","广东省广州市江南农副产品市场"
"91065","2018-5-26","富士苹果","8","广东省广州市江南农副产品市场"
"91113","2018-5-27","富士苹果","8.5","广东省广州市江南农副产品市场"
"91175","2018-5-28","富士苹果","8.4","广东省广州市江南农副产品市场"
"91229","2018-5-29","富士苹果","8.4","广东省广州市江南农副产品市场"
"91267","2018-5-30","富士苹果","8.25","广东省广州市江南农副产品市场"
"91329","2018-5-31","富士苹果","8.3","广东省广州市江南农副产品市场"
"91398","2018-6-1","富士苹果","8.3","广东省广州市江南农副产品市场"
"91405","2018-6-2","富士苹果","8.25","广东省广州市江南农副产品市场"
"91449","2018-6-3","富士苹果","8.25","广东省广州市江南农副产品市场"
"91518","2018-6-4","富士苹果","7.75","广东省广州市江南农副产品市场"
"91544","2018-6-5","富士苹果","7.75","广东省广州市江南农副产品市场"
"91584","2018-6-6","富士苹果","8.5","广东省广州市江南农副产品市场"
"91637","2018-6-7","富士苹果","8.5","广东省广州市江南农副产品市场"
"91711","2018-6-8","富士苹果","8.5","广东省广州市江南农副产品市场"
"91743","2018-6-9","富士苹果","8.6","广东省广州市江南农副产品市场"
"91774","2018-6-10","富士苹果","8.5","广东省广州市江南农副产品市场"
"91861","2018-6-11","富士苹果","8.35","广东省广州市江南农副产品市场"
"91878","2018-6-12","富士苹果","8.5","广东省广州市江南农副产品市场"
"91937","2018-6-13","富士苹果","9","广东省广州市江南农副产品市场"
"91999","2018-6-14","富士苹果","8.8","广东省广州市江南农副产品市场"
"92052","2018-6-15","富士苹果","8.7","广东省广州市江南农副产品市场"
"92097","2018-6-16","富士苹果","7.5","广东省广州市江南农副产品市场"
"92107","2018-6-17","富士苹果","7.5","广东省广州市江南农副产品市场"
"92155","2018-6-18","富士苹果","7.5","广东省广州市江南农副产品市场"
"92199","2018-6-19","富士苹果","7.6","广东省广州市江南农副产品市场"
"92249","2018-6-20","富士苹果","7.75","广东省广州市江南农副产品市场"
"92309","2018-6-21","富士苹果","7.75","广东省广州市江南农副产品市场"
"92350","2018-6-22","富士苹果","7.85","广东省广州市江南农副产品市场"
"92418","2018-6-23","富士苹果","7.5","广东省广州市江南农副产品市场"
"92460","2018-6-25","富士苹果","7.5","广东省广州市江南农副产品市场"
"92550","2018-6-26","富士苹果","7.5","广东省广州市江南农副产品市场"
"92604","2018-6-27","富士苹果","7.5","广东省广州市江南农副产品市场"
"92622","2018-6-28","富士苹果","7.25","广东省广州市江南农副产品市场"
"92681","2018-6-29","富士苹果","7.25","广东省广州市江南农副产品市场"
"92787","2018-7-2","富士苹果","7.25","广东省广州市江南农副产品市场"
"92851","2018-7-3","富士苹果","7.25","广东省广州市江南农副产品市场"
"92922","2018-7-4","富士苹果","7.25","广东省广州市江南农副产品市场"
"92973","2018-7-5","富士苹果","7.5","广东省广州市江南农副产品市场"
"93038","2018-7-6","富士苹果","7","广东省广州市江南农副产品市场"
"93060","2018-7-7","富士苹果","6.25","广东省广州市江南农副产品市场"
"93457","2018-7-16","富士苹果","7.25","广东省广州市江南农副产品市场"
"93542","2018-7-17","富士苹果","7.25","广东省广州市江南农副产品市场"
"93553","2018-7-18","富士苹果","7","广东省广州市江南农副产品市场"
"93633","2018-7-19","富士苹果","7.25","广东省广州市江南农副产品市场"
"93655","2018-7-20","富士苹果","7.25","广东省广州市江南农副产品市场"
"93719","2018-7-21","富士苹果","7.2","广东省广州市江南农副产品市场"
"93766","2018-7-22","富士苹果","7.2","广东省广州市江南农副产品市场"
"93808","2018-7-23","富士苹果","7.25","广东省广州市江南农副产品市场"
"93844","2018-7-24","富士苹果","7.35","广东省广州市江南农副产品市场"
"93879","2018-7-25","富士苹果","7.25","广东省广州市江南农副产品市场"
"94095","2018-7-25","富士苹果","7.25","广东省广州市江南农副产品市场"
"93930","2018-7-26","富士苹果","7.5","广东省广州市江南农副产品市场"
"93990","2018-7-27","富士苹果","7.5","广东省广州市江南农副产品市场"
"94190","2018-7-29","富士苹果","7.35","广东省广州市江南农副产品市场"
"94239","2018-7-30","富士苹果","7.4","广东省广州市江南农副产品市场"
"94277","2018-7-31","富士苹果","7.5","广东省广州市江南农副产品市场"
"94298","2018-8-1","富士苹果","7.75","广东省广州市江南农副产品市场"
"94403","2018-8-4","富士苹果","7","广东省广州市江南农副产品市场"
"94479","2018-8-13","富士苹果","7.05","广东省广州市江南农副产品市场"
"94509","2018-8-14","富士苹果","7.05","广东省广州市江南农副产品市场"
"94580","2018-8-15","富士苹果","7.05","广东省广州市江南农副产品市场"
"94609","2018-8-19","富士苹果","7","广东省广州市江南农副产品市场"
"94646","2018-8-20","富士苹果","7","广东省广州市江南农副产品市场"
"94704","2018-8-21","富士苹果","7","广东省广州市江南农副产品市场"
"94751","2018-8-25","富士苹果","7","广东省广州市江南农副产品市场"
"94786","2018-8-26","富士苹果","7","广东省广州市江南农副产品市场"
"94822","2018-8-27","富士苹果","7.5","广东省广州市江南农副产品市场"
"94892","2018-9-1","富士苹果","8.5","广东省广州市江南农副产品市场"
"94911","2018-9-2","富士苹果","9","广东省广州市江南农副产品市场"
"94939","2018-9-3","富士苹果","9","广东省广州市江南农副产品市场"
"94953","2018-9-4","富士苹果","8.9","广东省广州市江南农副产品市场"
"95005","2018-9-5","富士苹果","8.9","广东省广州市江南农副产品市场"
"95078","2018-9-6","富士苹果","8","广东省广州市江南农副产品市场"
"95094","2018-9-7","富士苹果","7.7","广东省广州市江南农副产品市场"
"95153","2018-9-16","富士苹果","7.8","广东省广州市江南农副产品市场"
"95189","2018-9-17","富士苹果","7.5","广东省广州市江南农副产品市场"
"95241","2018-9-18","富士苹果","7.5","广东省广州市江南农副产品市场"
"95270","2018-9-19","富士苹果","7.5","广东省广州市江南农副产品市场"
"95342","2018-9-20","富士苹果","7.25","广东省广州市江南农副产品市场"
"95363","2018-9-21","富士苹果","7.75","广东省广州市江南农副产品市场"
"95403","2018-9-22","富士苹果","7.75","广东省广州市江南农副产品市场"
"95435","2018-9-26","富士苹果","9.75","广东省广州市江南农副产品市场"
"95494","2018-9-27","富士苹果","10.75","广东省广州市江南农副产品市场"
"95514","2018-9-28","富士苹果","11","广东省广州市江南农副产品市场"
"95596","2018-10-24","富士苹果","8","广东省广州市江南农副产品市场"
"95735","2018-10-30","富士苹果","8.75","广东省广州市江南农副产品市场"
"95754","2018-11-3","富士苹果","8","广东省广州市江南农副产品市场"
"95787","2018-11-4","富士苹果","8","广东省广州市江南农副产品市场"
"95825","2018-11-5","富士苹果","7.95","广东省广州市江南农副产品市场"
"95856","2018-11-6","富士苹果","7.9","广东省广州市江南农副产品市场"
"95909","2018-11-7","富士苹果","7.5","广东省广州市江南农副产品市场"
"95959","2018-11-8","富士苹果","7.5","广东省广州市江南农副产品市场"
"96013","2018-11-18","富士苹果","7.25","广东省广州市江南农副产品市场"
"96058","2018-11-19","富士苹果","7.15","广东省广州市江南农副产品市场"
"96088","2018-11-20","富士苹果","7","广东省广州市江南农副产品市场"
"96144","2018-11-21","富士苹果","7","广东省广州市江南农副产品市场"
"96192","2018-11-22","富士苹果","7","广东省广州市江南农副产品市场"
"96226","2018-11-24","富士苹果","7","广东省广州市江南农副产品市场"
"96249","2018-11-25","富士苹果","7","广东省广州市江南农副产品市场"
"96270","2018-11-26","富士苹果","7","广东省广州市江南农副产品市场"
"96325","2018-11-27","富士苹果","7","广东省广州市江南农副产品市场"
"96372","2018-11-28","富士苹果","7.25","广东省广州市江南农副产品市场"
"96423","2018-11-29","富士苹果","7.25","广东省广州市江南农副产品市场"
"96441","2018-12-5","富士苹果","6.85","广东省广州市江南农副产品市场"
"96497","2018-12-9","富士苹果","7.25","广东省广州市江南农副产品市场"
"96527","2018-12-10","富士苹果","7.25","广东省广州市江南农副产品市场"
"96609","2018-12-11","富士苹果","7.25","广东省广州市江南农副产品市场"
"96619","2018-12-15","富士苹果","9.25","广东省广州市江南农副产品市场"
"96659","2018-12-16","富士苹果","9.4","广东省广州市江南农副产品市场"
"96715","2018-12-17","富士苹果","9.25","广东省广州市江南农副产品市场"
"96758","2018-12-18","富士苹果","9.5","广东省广州市江南农副产品市场"
"96822","2018-12-19","富士苹果","9.25","广东省广州市江南农副产品市场"
"96859","2018-12-25","富士苹果","8.05","广东省广州市江南农副产品市场"
"96889","2018-12-26","富士苹果","8.05","广东省广州市江南农副产品市场"
"96967","2018-12-27","富士苹果","7.75","广东省广州市江南农副产品市场"
"96993","2018-12-28","富士苹果","7.65","广东省广州市江南农副产品市场"
"97023","2018-12-29","富士苹果","7.25","广东省广州市江南农副产品市场"
"97041","2018-12-30","富士苹果","7.25","广东省广州市江南农副产品市场"
"97105","2019-1-3","富士苹果","7.25","广东省广州市江南农副产品市场"
"97181","2019-1-4","富士苹果","7.25","广东省广州市江南农副产品市场"
"97282","2019-1-8","富士苹果","8.25","广东省广州市江南农副产品市场"
"97310","2019-1-9","富士苹果","8","广东省广州市江南农副产品市场"
"97339","2019-1-13","富士苹果","8.15","广东省广州市江南农副产品市场"
"97403","2019-1-14","富士苹果","8.15","广东省广州市江南农副产品市场"
"97424","2019-1-15","富士苹果","8.15","广东省广州市江南农副产品市场"
"97511","2019-1-17","富士苹果","8.5","广东省广州市江南农副产品市场"
"97619","2019-1-23","富士苹果","8.75","广东省广州市江南农副产品市场"
"97704","2019-1-25","富士苹果","9.25","广东省广州市江南农副产品市场"
"97733","2019-1-29","富士苹果","8.9","广东省广州市江南农副产品市场"
"97797","2019-1-30","富士苹果","9","广东省广州市江南农副产品市场"
"97833","2019-1-31","富士苹果","8.25","广东省广州市江南农副产品市场"
"97878","2019-2-1","富士苹果","8.5","广东省广州市江南农副产品市场"
"97929","2019-2-2","富士苹果","8","广东省广州市江南农副产品市场"
"97982","2019-2-11","富士苹果","6.85","广东省广州市江南农副产品市场"
"97995","2019-2-12","富士苹果","7","广东省广州市江南农副产品市场"
"98051","2019-2-13","富士苹果","7","广东省广州市江南农副产品市场"
"98086","2019-2-14","富士苹果","7","广东省广州市江南农副产品市场"
"98124","2019-2-15","富士苹果","8","广东省广州市江南农副产品市场"
"98163","2019-2-16","富士苹果","8","广东省广州市江南农副产品市场"
"98220","2019-2-22","富士苹果","8.6","广东省广州市江南农副产品市场"
"98240","2019-2-23","富士苹果","8.6","广东省广州市江南农副产品市场"
"98282","2019-2-24","富士苹果","9","广东省广州市江南农副产品市场"
"98328","2019-2-25","富士苹果","8.65","广东省广州市江南农副产品市场"
"98375","2019-2-26","富士苹果","8.65","广东省广州市江南农副产品市场"
"98392","2019-2-27","富士苹果","8.5","广东省广州市江南农副产品市场"
"98410","2019-3-4","富士苹果","7.75","广东省广州市江南农副产品市场"
"98488","2019-3-5","富士苹果","7.8","广东省广州市江南农副产品市场"
"98528","2019-3-7","富士苹果","8.75","广东省广州市江南农副产品市场"
"98559","2019-3-11","富士苹果","8.5","广东省广州市江南农副产品市场"
"98638","2019-3-12","富士苹果","9.5","广东省广州市江南农副产品市场"
"98658","2019-3-13","富士苹果","9.5","广东省广州市江南农副产品市场"
"98698","2019-3-17","富士苹果","9.5","广东省广州市江南农副产品市场"
