date,id,farmsName,price,bazaar
2014-01-02,133,土豆,2.60,广东省广州市江南农副产品市场
2014-01-03,170,土豆,2.50,广东省广州市江南农副产品市场
2014-01-04,383,土豆,2.60,广东省广州市江南农副产品市场
2014-01-05,479,土豆,2.60,广东省广州市江南农副产品市场
2014-01-06,479,土豆,2.60,广东省广州市江南农副产品市场
2014-01-07,659,土豆,2.60,广东省广州市江南农副产品市场
2014-01-08,831,土豆,2.60,广东省广州市江南农副产品市场
2014-01-09,996,土豆,2.60,广东省广州市江南农副产品市场
2014-01-10,1126,土豆,2.50,广东省广州市江南农副产品市场
2014-01-11,1250,土豆,2.60,广东省广州市江南农副产品市场
2014-01-12,1386,土豆,2.50,广东省广州市江南农副产品市场
2014-01-13,1552,土豆,2.40,广东省广州市江南农副产品市场
2014-01-14,1591,土豆,2.40,广东省广州市江南农副产品市场
2014-01-15,1779,土豆,2.40,广东省广州市江南农副产品市场
2014-01-16,1903,土豆,2.60,广东省广州市江南农副产品市场
2014-01-17,2107,土豆,2.60,广东省广州市江南农副产品市场
2014-01-18,2214,土豆,2.40,广东省广州市江南农副产品市场
2014-01-19,2366,土豆,2.40,广东省广州市江南农副产品市场
2014-01-20,2386,土豆,2.30,广东省广州市江南农副产品市场
2014-01-21,2643,土豆,2.40,广东省广州市江南农副产品市场
2014-01-22,2798,土豆,2.40,广东省广州市江南农副产品市场
2014-01-23,2855,土豆,2.40,广东省广州市江南农副产品市场
2014-01-24,3083,土豆,3.00,广东省广州市江南农副产品市场
2014-01-25,3197,土豆,3.50,广东省广州市江南农副产品市场
2014-01-26,3319,土豆,3.50,广东省广州市江南农副产品市场
2014-01-27,3437,土豆,3.20,广东省广州市江南农副产品市场
2014-01-28,3569,土豆,3.50,广东省广州市江南农副产品市场
2014-01-29,3569,土豆,3.49,广东省广州市江南农副产品市场
2014-01-30,3569,土豆,3.48,广东省广州市江南农副产品市场
2014-01-31,3569,土豆,3.47,广东省广州市江南农副产品市场
2014-02-01,3569,土豆,3.46,广东省广州市江南农副产品市场
2014-02-02,3569,土豆,3.45,广东省广州市江南农副产品市场
2014-02-03,3569,土豆,3.44,广东省广州市江南农副产品市场
2014-02-04,3569,土豆,3.43,广东省广州市江南农副产品市场
2014-02-05,3569,土豆,3.42,广东省广州市江南农副产品市场
2014-02-06,3569,土豆,3.41,广东省广州市江南农副产品市场
2014-02-07,3685,土豆,3.40,广东省广州市江南农副产品市场
2014-02-08,3812,土豆,3.60,广东省广州市江南农副产品市场
2014-02-09,3972,土豆,3.40,广东省广州市江南农副产品市场
2014-02-10,4037,土豆,3.20,广东省广州市江南农副产品市场
2014-02-11,4139,土豆,3.00,广东省广州市江南农副产品市场
2014-02-12,4305,土豆,3.20,广东省广州市江南农副产品市场
2014-02-13,4444,土豆,2.80,广东省广州市江南农副产品市场
2014-02-14,4669,土豆,2.70,广东省广州市江南农副产品市场
2014-02-15,4810,土豆,2.50,广东省广州市江南农副产品市场
2014-02-16,4850,土豆,2.80,广东省广州市江南农副产品市场
2014-02-17,5035,土豆,2.80,广东省广州市江南农副产品市场
2014-02-18,5159,土豆,2.80,广东省广州市江南农副产品市场
2014-02-19,5342,土豆,2.80,广东省广州市江南农副产品市场
2014-02-20,5475,土豆,2.80,广东省广州市江南农副产品市场
2014-02-21,5577,土豆,2.70,广东省广州市江南农副产品市场
2014-02-22,5774,土豆,2.70,广东省广州市江南农副产品市场
2014-02-23,5823,土豆,2.30,广东省广州市江南农副产品市场
2014-02-24,6034,土豆,2.40,广东省广州市江南农副产品市场
2014-02-25,6034,土豆,2.45,广东省广州市江南农副产品市场
2014-02-26,6176,土豆,2.50,广东省广州市江南农副产品市场
2014-02-27,6213,土豆,2.60,广东省广州市江南农副产品市场
2014-02-28,6448,土豆,2.50,广东省广州市江南农副产品市场
2014-03-01,6566,土豆,2.50,广东省广州市江南农副产品市场
2014-03-02,6666,土豆,2.30,广东省广州市江南农副产品市场
2014-03-03,6736,土豆,2.40,广东省广州市江南农副产品市场
2014-03-04,6942,土豆,2.40,广东省广州市江南农副产品市场
2014-03-05,7066,土豆,2.40,广东省广州市江南农副产品市场
2014-03-06,7255,土豆,2.40,广东省广州市江南农副产品市场
2014-03-07,7481,土豆,2.40,广东省广州市江南农副产品市场
2014-03-08,7549,土豆,2.40,广东省广州市江南农副产品市场
2014-03-09,7668,土豆,2.50,广东省广州市江南农副产品市场
2014-03-10,7803,土豆,2.50,广东省广州市江南农副产品市场
2014-03-11,7885,土豆,2.50,广东省广州市江南农副产品市场
2014-03-12,8062,土豆,2.50,广东省广州市江南农副产品市场
2014-03-13,8284,土豆,2.50,广东省广州市江南农副产品市场
2014-03-14,8364,土豆,2.50,广东省广州市江南农副产品市场
2014-03-15,8507,土豆,2.50,广东省广州市江南农副产品市场
2014-03-16,8618,土豆,2.40,广东省广州市江南农副产品市场
2014-03-17,8760,土豆,2.40,广东省广州市江南农副产品市场
2014-03-18,8844,土豆,2.40,广东省广州市江南农副产品市场
2014-03-19,8844,土豆,2.40,广东省广州市江南农副产品市场
2014-03-20,9016,土豆,2.40,广东省广州市江南农副产品市场
2014-03-21,9174,土豆,2.40,广东省广州市江南农副产品市场
2014-03-22,9350,土豆,2.40,广东省广州市江南农副产品市场
2014-03-23,9413,土豆,2.40,广东省广州市江南农副产品市场
2014-03-24,9623,土豆,2.40,广东省广州市江南农副产品市场
2014-03-25,9755,土豆,2.40,广东省广州市江南农副产品市场
2014-03-26,9912,土豆,2.50,广东省广州市江南农副产品市场
2014-03-27,10014,土豆,2.40,广东省广州市江南农副产品市场
2014-03-28,10251,土豆,2.40,广东省广州市江南农副产品市场
2014-03-29,10356,土豆,2.40,广东省广州市江南农副产品市场
2014-03-30,10448,土豆,2.40,广东省广州市江南农副产品市场
2014-03-31,10588,土豆,2.40,广东省广州市江南农副产品市场
2014-04-01,10684,土豆,2.40,广东省广州市江南农副产品市场
2014-04-02,10684,土豆,2.38,广东省广州市江南农副产品市场
2014-04-03,10684,土豆,2.35,广东省广州市江南农副产品市场
2014-04-04,10684,土豆,2.32,广东省广州市江南农副产品市场
2014-04-05,10879,土豆,2.30,广东省广州市江南农副产品市场
2014-04-06,10943,土豆,2.30,广东省广州市江南农副产品市场
2014-04-07,11068,土豆,2.30,广东省广州市江南农副产品市场
2014-04-08,11272,土豆,2.40,广东省广州市江南农副产品市场
2014-04-09,11318,土豆,2.30,广东省广州市江南农副产品市场
2014-04-10,11504,土豆,2.40,广东省广州市江南农副产品市场
2014-04-11,11504,土豆,2.40,广东省广州市江南农副产品市场
2014-04-12,11691,土豆,2.40,广东省广州市江南农副产品市场
2014-04-13,11790,土豆,2.40,广东省广州市江南农副产品市场
2014-04-14,11946,土豆,2.40,广东省广州市江南农副产品市场
2014-04-15,11950,土豆,2.40,广东省广州市江南农副产品市场
2014-04-16,12225,土豆,2.40,广东省广州市江南农副产品市场
2014-04-17,12275,土豆,2.40,广东省广州市江南农副产品市场
2014-04-18,12275,土豆,2.40,广东省广州市江南农副产品市场
2014-04-19,12275,土豆,2.40,广东省广州市江南农副产品市场
2014-04-20,12417,土豆,2.40,广东省广州市江南农副产品市场
2014-04-21,12602,土豆,2.50,广东省广州市江南农副产品市场
2014-04-22,12673,土豆,2.50,广东省广州市江南农副产品市场
2014-04-23,12831,土豆,2.50,广东省广州市江南农副产品市场
2014-04-24,12963,土豆,2.30,广东省广州市江南农副产品市场
2014-04-25,13172,土豆,2.20,广东省广州市江南农副产品市场
2014-04-26,13300,土豆,2.20,广东省广州市江南农副产品市场
2014-04-27,13367,土豆,2.20,广东省广州市江南农副产品市场
2014-04-28,13524,土豆,2.30,广东省广州市江南农副产品市场
2014-04-29,13681,土豆,2.30,广东省广州市江南农副产品市场
2014-04-30,13744,土豆,2.30,广东省广州市江南农副产品市场
2014-05-01,13744,土豆,2.30,广东省广州市江南农副产品市场
2014-05-02,14052,土豆,2.30,广东省广州市江南农副产品市场
2014-05-03,14080,土豆,2.30,广东省广州市江南农副产品市场
2014-05-04,14258,土豆,2.30,广东省广州市江南农副产品市场
2014-05-05,14428,土豆,2.20,广东省广州市江南农副产品市场
2014-05-06,14476,土豆,2.50,广东省广州市江南农副产品市场
2014-05-07,14702,土豆,2.10,广东省广州市江南农副产品市场
2014-05-08,14852,土豆,2.50,广东省广州市江南农副产品市场
2014-05-09,14972,土豆,2.80,广东省广州市江南农副产品市场
2014-05-10,15088,土豆,2.20,广东省广州市江南农副产品市场
2014-05-11,15088,土豆,2.50,广东省广州市江南农副产品市场
2014-05-12,15193,土豆,2.80,广东省广州市江南农副产品市场
2014-05-13,15384,土豆,2.50,广东省广州市江南农副产品市场
2014-05-14,15554,土豆,2.80,广东省广州市江南农副产品市场
2014-05-15,15680,土豆,2.30,广东省广州市江南农副产品市场
2014-05-16,15865,土豆,1.80,广东省广州市江南农副产品市场
2014-05-17,15865,土豆,1.93,广东省广州市江南农副产品市场
2014-05-18,15865,土豆,2.07,广东省广州市江南农副产品市场
2014-05-19,16011,土豆,2.20,广东省广州市江南农副产品市场
2014-05-20,16011,土豆,2.10,广东省广州市江南农副产品市场
2014-05-21,16167,土豆,2.00,广东省广州市江南农副产品市场
2014-05-22,16315,土豆,2.00,广东省广州市江南农副产品市场
2014-05-23,16466,土豆,2.20,广东省广州市江南农副产品市场
2014-05-24,16494,土豆,2.00,广东省广州市江南农副产品市场
2014-05-25,16646,土豆,2.10,广东省广州市江南农副产品市场
2014-05-26,16712,土豆,2.00,广东省广州市江南农副产品市场
2014-05-27,16911,土豆,2.10,广东省广州市江南农副产品市场
2014-05-28,17075,土豆,2.20,广东省广州市江南农副产品市场
2014-05-29,17236,土豆,2.00,广东省广州市江南农副产品市场
2014-05-30,17376,土豆,2.20,广东省广州市江南农副产品市场
2014-05-31,17489,土豆,2.20,广东省广州市江南农副产品市场
2014-06-01,17565,土豆,2.00,广东省广州市江南农副产品市场
2014-06-02,17735,土豆,2.10,广东省广州市江南农副产品市场
2014-06-03,17751,土豆,2.00,广东省广州市江南农副产品市场
2014-06-04,17977,土豆,2.00,广东省广州市江南农副产品市场
2014-06-05,18041,土豆,1.90,广东省广州市江南农副产品市场
2014-06-06,18268,土豆,1.90,广东省广州市江南农副产品市场
2014-06-07,18390,土豆,1.90,广东省广州市江南农副产品市场
2014-06-08,18494,土豆,1.80,广东省广州市江南农副产品市场
2014-06-09,18659,土豆,1.90,广东省广州市江南农副产品市场
2014-06-10,18847,土豆,1.70,广东省广州市江南农副产品市场
2014-06-11,18930,土豆,1.80,广东省广州市江南农副产品市场
2014-06-12,19126,土豆,1.70,广东省广州市江南农副产品市场
2014-06-13,19216,土豆,1.90,广东省广州市江南农副产品市场
2014-06-14,19318,土豆,1.90,广东省广州市江南农副产品市场
2014-06-15,19486,土豆,1.90,广东省广州市江南农副产品市场
2014-06-16,19558,土豆,1.90,广东省广州市江南农副产品市场
2014-06-17,19648,土豆,1.90,广东省广州市江南农副产品市场
2014-06-18,19866,土豆,1.90,广东省广州市江南农副产品市场
2014-06-19,19866,土豆,1.90,广东省广州市江南农副产品市场
2014-06-20,20013,土豆,1.90,广东省广州市江南农副产品市场
2014-06-21,20156,土豆,2.00,广东省广州市江南农副产品市场
2014-06-22,20208,土豆,2.10,广东省广州市江南农副产品市场
2014-06-23,20448,土豆,1.90,广东省广州市江南农副产品市场
2014-06-24,20544,土豆,2.10,广东省广州市江南农副产品市场
2014-06-25,20650,土豆,1.90,广东省广州市江南农副产品市场
2014-06-26,20867,土豆,1.90,广东省广州市江南农副产品市场
2014-06-27,20979,土豆,2.00,广东省广州市江南农副产品市场
2014-06-28,21100,土豆,1.90,广东省广州市江南农副产品市场
2014-06-29,21197,土豆,1.80,广东省广州市江南农副产品市场
2014-06-30,21273,土豆,1.90,广东省广州市江南农副产品市场
2014-07-01,21470,土豆,1.90,广东省广州市江南农副产品市场
2014-07-02,21470,土豆,1.91,广东省广州市江南农副产品市场
2014-07-03,21470,土豆,1.92,广东省广州市江南农副产品市场
2014-07-04,21470,土豆,1.93,广东省广州市江南农副产品市场
2014-07-05,21470,土豆,1.94,广东省广州市江南农副产品市场
2014-07-06,21470,土豆,1.95,广东省广州市江南农副产品市场
2014-07-07,21470,土豆,1.96,广东省广州市江南农副产品市场
2014-07-08,21470,土豆,1.97,广东省广州市江南农副产品市场
2014-07-09,21470,土豆,1.98,广东省广州市江南农副产品市场
2014-07-10,21470,土豆,1.99,广东省广州市江南农副产品市场
2014-07-11,21725,土豆,2.00,广东省广州市江南农副产品市场
2014-07-12,21802,土豆,2.10,广东省广州市江南农副产品市场
2014-07-13,21909,土豆,2.10,广东省广州市江南农副产品市场
2014-07-14,21951,土豆,2.10,广东省广州市江南农副产品市场
2014-07-15,22160,土豆,2.10,广东省广州市江南农副产品市场
2014-07-16,22266,土豆,2.10,广东省广州市江南农副产品市场
2014-07-17,22484,土豆,2.10,广东省广州市江南农副产品市场
2014-07-18,22647,土豆,2.10,广东省广州市江南农副产品市场
2014-07-19,22736,土豆,2.10,广东省广州市江南农副产品市场
2014-07-20,22783,土豆,2.10,广东省广州市江南农副产品市场
2014-07-21,22975,土豆,2.30,广东省广州市江南农副产品市场
2014-07-22,23029,土豆,2.10,广东省广州市江南农副产品市场
2014-07-23,23167,土豆,2.10,广东省广州市江南农副产品市场
2014-07-24,23385,土豆,2.10,广东省广州市江南农副产品市场
2014-07-25,23553,土豆,2.10,广东省广州市江南农副产品市场
2014-07-26,23595,土豆,2.10,广东省广州市江南农副产品市场
2014-07-27,23775,土豆,2.10,广东省广州市江南农副产品市场
2014-07-28,23889,土豆,2.30,广东省广州市江南农副产品市场
2014-07-29,23965,土豆,2.30,广东省广州市江南农副产品市场
2014-07-30,24071,土豆,2.30,广东省广州市江南农副产品市场
2014-07-31,24240,土豆,2.30,广东省广州市江南农副产品市场
2014-08-01,24404,土豆,2.10,广东省广州市江南农副产品市场
2014-08-02,24529,土豆,2.10,广东省广州市江南农副产品市场
2014-08-03,24688,土豆,2.20,广东省广州市江南农副产品市场
2014-08-04,24731,土豆,2.20,广东省广州市江南农副产品市场
2014-08-05,24964,土豆,2.20,广东省广州市江南农副产品市场
2014-08-06,24964,土豆,2.15,广东省广州市江南农副产品市场
2014-08-07,25216,土豆,2.10,广东省广州市江南农副产品市场
2014-08-08,25374,土豆,2.20,广东省广州市江南农副产品市场
2014-08-09,25441,土豆,2.20,广东省广州市江南农副产品市场
2014-08-10,25528,土豆,2.40,广东省广州市江南农副产品市场
2014-08-11,25696,土豆,2.10,广东省广州市江南农副产品市场
2014-08-12,25882,土豆,2.10,广东省广州市江南农副产品市场
2014-08-13,25966,土豆,2.00,广东省广州市江南农副产品市场
2014-08-14,26158,土豆,2.00,广东省广州市江南农副产品市场
2014-08-15,26234,土豆,2.00,广东省广州市江南农副产品市场
2014-08-16,26407,土豆,2.00,广东省广州市江南农副产品市场
2014-08-17,26407,土豆,2.00,广东省广州市江南农副产品市场
2014-08-18,26542,土豆,2.00,广东省广州市江南农副产品市场
2014-08-19,26713,土豆,2.20,广东省广州市江南农副产品市场
2014-08-20,26882,土豆,2.00,广东省广州市江南农副产品市场
2014-08-21,27065,土豆,2.00,广东省广州市江南农副产品市场
2014-08-22,27102,土豆,2.10,广东省广州市江南农副产品市场
2014-08-23,27255,土豆,2.00,广东省广州市江南农副产品市场
2014-08-24,27436,土豆,2.30,广东省广州市江南农副产品市场
2014-08-25,27441,土豆,2.50,广东省广州市江南农副产品市场
2014-08-26,27698,土豆,2.00,广东省广州市江南农副产品市场
2014-08-27,27785,土豆,2.50,广东省广州市江南农副产品市场
2014-08-28,27979,土豆,2.50,广东省广州市江南农副产品市场
2014-08-29,28138,土豆,2.40,广东省广州市江南农副产品市场
2014-08-30,28154,土豆,2.30,广东省广州市江南农副产品市场
2014-08-31,28251,土豆,2.40,广东省广州市江南农副产品市场
2014-09-01,28401,土豆,2.30,广东省广州市江南农副产品市场
2014-09-02,28619,土豆,2.20,广东省广州市江南农副产品市场
2014-09-03,28659,土豆,2.30,广东省广州市江南农副产品市场
2014-09-04,28900,土豆,2.40,广东省广州市江南农副产品市场
2014-09-05,28929,土豆,2.30,广东省广州市江南农副产品市场
2014-09-06,29144,土豆,2.50,广东省广州市江南农副产品市场
2014-09-07,29188,土豆,2.40,广东省广州市江南农副产品市场
2014-09-08,29255,土豆,2.30,广东省广州市江南农副产品市场
2014-09-09,29393,土豆,2.40,广东省广州市江南农副产品市场
2014-09-10,29499,土豆,2.50,广东省广州市江南农副产品市场
2014-09-11,29714,土豆,2.00,广东省广州市江南农副产品市场
2014-09-12,29798,土豆,1.50,广东省广州市江南农副产品市场
2014-09-13,29944,土豆,1.60,广东省广州市江南农副产品市场
2014-09-14,30023,土豆,1.50,广东省广州市江南农副产品市场
2014-09-15,30170,土豆,1.50,广东省广州市江南农副产品市场
2014-09-16,30296,土豆,1.80,广东省广州市江南农副产品市场
2014-09-17,30472,土豆,2.00,广东省广州市江南农副产品市场
2014-09-18,30629,土豆,2.00,广东省广州市江南农副产品市场
2014-09-19,30773,土豆,2.00,广东省广州市江南农副产品市场
2014-09-20,30877,土豆,2.00,广东省广州市江南农副产品市场
2014-09-21,30918,土豆,2.00,广东省广州市江南农副产品市场
2014-09-22,31035,土豆,2.00,广东省广州市江南农副产品市场
2014-09-23,31256,土豆,2.00,广东省广州市江南农副产品市场
2014-09-24,31325,土豆,1.90,广东省广州市江南农副产品市场
2014-09-25,31533,土豆,2.00,广东省广州市江南农副产品市场
2014-09-26,31588,土豆,2.10,广东省广州市江南农副产品市场
2014-09-27,31735,土豆,2.00,广东省广州市江南农副产品市场
2014-09-28,31890,土豆,2.00,广东省广州市江南农副产品市场
2014-09-29,32052,土豆,2.20,广东省广州市江南农副产品市场
2014-09-30,32187,土豆,2.30,广东省广州市江南农副产品市场
2014-10-01,32254,土豆,2.20,广东省广州市江南农副产品市场
2014-10-02,32254,土豆,2.21,广东省广州市江南农副产品市场
2014-10-03,32254,土豆,2.22,广东省广州市江南农副产品市场
2014-10-04,32254,土豆,2.23,广东省广州市江南农副产品市场
2014-10-05,32254,土豆,2.24,广东省广州市江南农副产品市场
2014-10-06,32254,土豆,2.26,广东省广州市江南农副产品市场
2014-10-07,32254,土豆,2.27,广东省广州市江南农副产品市场
2014-10-08,32254,土豆,2.28,广东省广州市江南农副产品市场
2014-10-09,32254,土豆,2.29,广东省广州市江南农副产品市场
2014-10-10,32478,土豆,2.30,广东省广州市江南农副产品市场
2014-10-11,32478,土豆,2.30,广东省广州市江南农副产品市场
2014-10-12,32646,土豆,2.30,广东省广州市江南农副产品市场
2014-10-13,32778,土豆,2.30,广东省广州市江南农副产品市场
2014-10-14,32930,土豆,2.20,广东省广州市江南农副产品市场
2014-10-15,33078,土豆,2.40,广东省广州市江南农副产品市场
2014-10-16,33268,土豆,2.30,广东省广州市江南农副产品市场
2014-10-17,33367,土豆,2.20,广东省广州市江南农副产品市场
2014-10-18,33458,土豆,2.40,广东省广州市江南农副产品市场
2014-10-19,33605,土豆,2.30,广东省广州市江南农副产品市场
2014-10-20,33645,土豆,2.40,广东省广州市江南农副产品市场
2014-10-21,33773,土豆,2.20,广东省广州市江南农副产品市场
2014-10-22,34017,土豆,2.40,广东省广州市江南农副产品市场
2014-10-23,34145,土豆,1.50,广东省广州市江南农副产品市场
2014-10-24,34255,土豆,2.40,广东省广州市江南农副产品市场
2014-10-25,34417,土豆,2.30,广东省广州市江南农副产品市场
2014-10-26,34476,土豆,2.20,广东省广州市江南农副产品市场
2014-10-27,34613,土豆,2.20,广东省广州市江南农副产品市场
2014-10-28,34741,土豆,2.30,广东省广州市江南农副产品市场
2014-10-29,34929,土豆,2.20,广东省广州市江南农副产品市场
2014-10-30,34966,土豆,2.40,广东省广州市江南农副产品市场
2014-10-31,35146,土豆,2.20,广东省广州市江南农副产品市场
2014-11-01,35274,土豆,1.50,广东省广州市江南农副产品市场
2014-11-02,35274,土豆,1.85,广东省广州市江南农副产品市场
2014-11-03,35412,土豆,2.20,广东省广州市江南农副产品市场
2014-11-04,35612,土豆,2.20,广东省广州市江南农副产品市场
2014-11-05,35653,土豆,2.20,广东省广州市江南农副产品市场
2014-11-06,35861,土豆,2.20,广东省广州市江南农副产品市场
2014-11-07,35977,土豆,2.20,广东省广州市江南农副产品市场
2014-11-08,36067,土豆,2.20,广东省广州市江南农副产品市场
2014-11-09,36067,土豆,2.20,广东省广州市江南农副产品市场
2014-11-10,36067,土豆,2.20,广东省广州市江南农副产品市场
2014-11-11,36067,土豆,2.20,广东省广州市江南农副产品市场
2014-11-12,36067,土豆,2.20,广东省广州市江南农副产品市场
2014-11-13,36067,土豆,2.20,广东省广州市江南农副产品市场
2014-11-14,36872,土豆,2.20,广东省广州市江南农副产品市场
2014-11-15,37038,土豆,2.20,广东省广州市江南农副产品市场
2014-11-16,37038,土豆,2.20,广东省广州市江南农副产品市场
2014-11-17,37221,土豆,2.20,广东省广州市江南农副产品市场
2014-11-18,37338,土豆,2.20,广东省广州市江南农副产品市场
2014-11-19,37460,土豆,2.20,广东省广州市江南农副产品市场
2014-11-20,37563,土豆,2.20,广东省广州市江南农副产品市场
2014-11-21,37662,土豆,2.20,广东省广州市江南农副产品市场
2014-11-22,37829,土豆,2.20,广东省广州市江南农副产品市场
2014-11-23,37829,土豆,2.20,广东省广州市江南农副产品市场
2014-11-24,38071,土豆,2.20,广东省广州市江南农副产品市场
2014-11-25,38215,土豆,2.20,广东省广州市江南农副产品市场
2014-11-26,38388,土豆,2.20,广东省广州市江南农副产品市场
2014-11-27,38388,土豆,2.20,广东省广州市江南农副产品市场
2014-11-28,38388,土豆,2.20,广东省广州市江南农副产品市场
2014-11-29,38692,土豆,2.20,广东省广州市江南农副产品市场
2014-11-30,38692,土豆,2.20,广东省广州市江南农副产品市场
2014-12-01,38958,土豆,2.20,广东省广州市江南农副产品市场
2014-12-02,39086,土豆,2.20,广东省广州市江南农副产品市场
2014-12-03,39190,土豆,2.20,广东省广州市江南农副产品市场
2014-12-04,39380,土豆,2.40,广东省广州市江南农副产品市场
2014-12-05,39498,土豆,2.20,广东省广州市江南农副产品市场
2014-12-06,39674,土豆,2.30,广东省广州市江南农副产品市场
2014-12-07,39776,土豆,2.30,广东省广州市江南农副产品市场
2014-12-08,39800,土豆,2.20,广东省广州市江南农副产品市场
2014-12-09,39950,土豆,2.30,广东省广州市江南农副产品市场
2014-12-10,40078,土豆,2.20,广东省广州市江南农副产品市场
2014-12-11,40300,土豆,2.20,广东省广州市江南农副产品市场
2014-12-12,40401,土豆,2.20,广东省广州市江南农副产品市场
2014-12-13,40401,土豆,2.20,广东省广州市江南农副产品市场
2014-12-14,40401,土豆,2.20,广东省广州市江南农副产品市场
2014-12-15,40783,土豆,2.20,广东省广州市江南农副产品市场
2014-12-16,40895,土豆,2.10,广东省广州市江南农副产品市场
2014-12-17,41122,土豆,2.00,广东省广州市江南农副产品市场
2014-12-18,41254,土豆,2.10,广东省广州市江南农副产品市场
2014-12-19,41386,土豆,2.20,广东省广州市江南农副产品市场
2014-12-20,41487,土豆,2.20,广东省广州市江南农副产品市场
2014-12-21,41487,土豆,2.20,广东省广州市江南农副产品市场
2014-12-22,41648,土豆,2.20,广东省广州市江南农副产品市场
2014-12-23,41809,土豆,2.20,广东省广州市江南农副产品市场
2014-12-24,41913,土豆,2.30,广东省广州市江南农副产品市场
2014-12-25,42142,土豆,2.40,广东省广州市江南农副产品市场
2014-12-26,42323,土豆,2.40,广东省广州市江南农副产品市场
2014-12-27,42335,土豆,2.40,广东省广州市江南农副产品市场
2014-12-28,42335,土豆,2.40,广东省广州市江南农副产品市场
2014-12-29,42561,土豆,2.40,广东省广州市江南农副产品市场
2014-12-30,42700,土豆,2.30,广东省广州市江南农副产品市场
2014-12-31,42824,土豆,2.40,广东省广州市江南农副产品市场
2015-01-01,42974,土豆,2.30,广东省广州市江南农副产品市场
2015-01-02,43065,土豆,2.40,广东省广州市江南农副产品市场
2015-01-03,43182,土豆,2.30,广东省广州市江南农副产品市场
2015-01-04,43276,土豆,2.40,广东省广州市江南农副产品市场
2015-01-05,43473,土豆,2.30,广东省广州市江南农副产品市场
2015-01-06,43473,土豆,2.40,广东省广州市江南农副产品市场
2015-01-07,43759,土豆,2.50,广东省广州市江南农副产品市场
2015-01-08,43858,土豆,2.40,广东省广州市江南农副产品市场
2015-01-09,44031,土豆,2.50,广东省广州市江南农副产品市场
2015-01-10,44140,土豆,2.60,广东省广州市江南农副产品市场
2015-01-11,44236,土豆,2.50,广东省广州市江南农副产品市场
2015-01-12,44236,土豆,2.50,广东省广州市江南农副产品市场
2015-01-13,44435,土豆,2.50,广东省广州市江南农副产品市场
2015-01-14,44604,土豆,2.50,广东省广州市江南农副产品市场
2015-01-15,44814,土豆,2.50,广东省广州市江南农副产品市场
2015-01-16,44913,土豆,2.50,广东省广州市江南农副产品市场
2015-01-17,45089,土豆,2.50,广东省广州市江南农副产品市场
2015-01-18,45150,土豆,2.40,广东省广州市江南农副产品市场
2015-01-19,45274,土豆,2.30,广东省广州市江南农副产品市场
2015-01-20,45374,土豆,2.50,广东省广州市江南农副产品市场
2015-01-21,45501,土豆,2.50,广东省广州市江南农副产品市场
2015-01-22,45501,土豆,2.55,广东省广州市江南农副产品市场
2015-01-23,45868,土豆,2.60,广东省广州市江南农副产品市场
2015-01-24,45868,土豆,2.53,广东省广州市江南农副产品市场
2015-01-25,45868,土豆,2.47,广东省广州市江南农副产品市场
2015-01-26,46202,土豆,2.40,广东省广州市江南农副产品市场
2015-01-27,46202,土豆,2.45,广东省广州市江南农副产品市场
2015-01-28,46379,土豆,2.50,广东省广州市江南农副产品市场
2015-01-29,46615,土豆,2.50,广东省广州市江南农副产品市场
2015-01-30,46702,土豆,2.50,广东省广州市江南农副产品市场
2015-01-31,46844,土豆,2.50,广东省广州市江南农副产品市场
2015-02-01,46844,土豆,2.45,广东省广州市江南农副产品市场
2015-02-02,47023,土豆,2.40,广东省广州市江南农副产品市场
2015-02-03,47250,土豆,2.60,广东省广州市江南农副产品市场
2015-02-04,47300,土豆,2.60,广东省广州市江南农副产品市场
2015-02-05,47300,土豆,2.50,广东省广州市江南农副产品市场
2015-02-06,47651,土豆,2.40,广东省广州市江南农副产品市场
2015-02-07,47751,土豆,2.30,广东省广州市江南农副产品市场
2015-02-08,47819,土豆,2.30,广东省广州市江南农副产品市场
2015-02-09,47910,土豆,2.50,广东省广州市江南农副产品市场
2015-02-10,48144,土豆,2.40,广东省广州市江南农副产品市场
2015-02-11,48276,土豆,2.40,广东省广州市江南农副产品市场
2015-02-12,48403,土豆,2.40,广东省广州市江南农副产品市场
2015-02-13,48532,土豆,2.40,广东省广州市江南农副产品市场
2015-02-14,48576,土豆,2.30,广东省广州市江南农副产品市场
2015-02-15,48719,土豆,2.20,广东省广州市江南农副产品市场
2015-02-16,48719,土豆,2.25,广东省广州市江南农副产品市场
2015-02-17,48997,土豆,2.30,广东省广州市江南农副产品市场
2015-02-18,49090,土豆,2.30,广东省广州市江南农副产品市场
2015-02-19,49090,土豆,2.29,广东省广州市江南农副产品市场
2015-02-20,49090,土豆,2.27,广东省广州市江南农副产品市场
2015-02-21,49090,土豆,2.26,广东省广州市江南农副产品市场
2015-02-22,49090,土豆,2.24,广东省广州市江南农副产品市场
2015-02-23,49090,土豆,2.23,广东省广州市江南农副产品市场
2015-02-24,49090,土豆,2.21,广东省广州市江南农副产品市场
2015-02-25,49211,土豆,2.20,广东省广州市江南农副产品市场
2015-02-26,49305,土豆,2.20,广东省广州市江南农副产品市场
2015-02-27,49451,土豆,2.20,广东省广州市江南农副产品市场
2015-02-28,49539,土豆,2.00,广东省广州市江南农副产品市场
2015-03-01,49704,土豆,2.00,广东省广州市江南农副产品市场
2015-03-02,49723,土豆,2.00,广东省广州市江南农副产品市场
2015-03-03,49909,土豆,2.00,广东省广州市江南农副产品市场
2015-03-04,50060,土豆,2.00,广东省广州市江南农副产品市场
2015-03-05,50060,土豆,2.00,广东省广州市江南农副产品市场
2015-03-06,50060,土豆,2.00,广东省广州市江南农副产品市场
2015-03-07,50060,土豆,2.00,广东省广州市江南农副产品市场
2015-03-08,50060,土豆,2.00,广东省广州市江南农副产品市场
2015-03-09,50186,土豆,2.00,广东省广州市江南农副产品市场
2015-03-10,50325,土豆,2.10,广东省广州市江南农副产品市场
2015-03-11,50461,土豆,2.10,广东省广州市江南农副产品市场
2015-03-12,50664,土豆,2.00,广东省广州市江南农副产品市场
2015-03-13,50664,土豆,2.15,广东省广州市江南农副产品市场
2015-03-14,50868,土豆,2.30,广东省广州市江南农副产品市场
2015-03-15,50959,土豆,2.20,广东省广州市江南农副产品市场
2015-03-16,51096,土豆,2.20,广东省广州市江南农副产品市场
2015-03-17,51290,土豆,2.20,广东省广州市江南农副产品市场
2015-03-18,51406,土豆,2.20,广东省广州市江南农副产品市场
2015-03-19,51537,土豆,2.20,广东省广州市江南农副产品市场
2015-03-20,51580,土豆,2.20,广东省广州市江南农副产品市场
2015-03-21,51817,土豆,2.20,广东省广州市江南农副产品市场
2015-03-22,51875,土豆,2.30,广东省广州市江南农副产品市场
2015-03-23,51965,土豆,2.30,广东省广州市江南农副产品市场
2015-03-24,52125,土豆,2.40,广东省广州市江南农副产品市场
2015-03-25,52325,土豆,2.40,广东省广州市江南农副产品市场
2015-03-26,52447,土豆,2.40,广东省广州市江南农副产品市场
2015-03-27,52462,土豆,2.40,广东省广州市江南农副产品市场
2015-03-28,52632,土豆,2.40,广东省广州市江南农副产品市场
2015-03-29,52632,土豆,2.35,广东省广州市江南农副产品市场
2015-03-30,52858,土豆,2.30,广东省广州市江南农副产品市场
2015-03-31,52947,土豆,1.80,广东省广州市江南农副产品市场
2015-04-01,53132,土豆,1.80,广东省广州市江南农副产品市场
2015-04-02,53323,土豆,1.80,广东省广州市江南农副产品市场
2015-04-03,53410,土豆,1.80,广东省广州市江南农副产品市场
2015-04-04,53521,土豆,1.80,广东省广州市江南农副产品市场
2015-04-05,53599,土豆,1.90,广东省广州市江南农副产品市场
2015-04-06,53728,土豆,1.80,广东省广州市江南农副产品市场
2015-04-07,53903,土豆,1.90,广东省广州市江南农副产品市场
2015-04-08,53984,土豆,1.80,广东省广州市江南农副产品市场
2015-04-09,54143,土豆,1.80,广东省广州市江南农副产品市场
2015-04-10,54321,土豆,1.90,广东省广州市江南农副产品市场
2015-04-11,54321,土豆,1.95,广东省广州市江南农副产品市场
2015-04-12,54458,土豆,2.00,广东省广州市江南农副产品市场
2015-04-13,54563,土豆,2.10,广东省广州市江南农副产品市场
2015-04-14,54813,土豆,2.00,广东省广州市江南农副产品市场
2015-04-15,54866,土豆,2.00,广东省广州市江南农副产品市场
2015-04-16,55038,土豆,2.00,广东省广州市江南农副产品市场
2015-04-17,55218,土豆,2.00,广东省广州市江南农副产品市场
2015-04-18,55218,土豆,2.03,广东省广州市江南农副产品市场
2015-04-19,55218,土豆,2.07,广东省广州市江南农副产品市场
2015-04-20,55447,土豆,2.10,广东省广州市江南农副产品市场
2015-04-21,55638,土豆,2.10,广东省广州市江南农副产品市场
2015-04-22,55784,土豆,2.10,广东省广州市江南农副产品市场
2015-04-23,55910,土豆,2.10,广东省广州市江南农副产品市场
2015-04-24,55966,土豆,2.10,广东省广州市江南农副产品市场
2015-04-25,56151,土豆,2.10,广东省广州市江南农副产品市场
2015-04-26,56202,土豆,2.30,广东省广州市江南农副产品市场
2015-04-27,56202,土豆,2.27,广东省广州市江南农副产品市场
2015-04-28,56202,土豆,2.23,广东省广州市江南农副产品市场
2015-04-29,56397,土豆,2.20,广东省广州市江南农副产品市场
2015-04-30,56498,土豆,2.20,广东省广州市江南农副产品市场
2015-05-01,56498,土豆,2.15,广东省广州市江南农副产品市场
2015-05-02,56498,土豆,2.10,广东省广州市江南农副产品市场
2015-05-03,56498,土豆,2.05,广东省广州市江南农副产品市场
2015-05-04,56673,土豆,2.00,广东省广州市江南农副产品市场
2015-05-05,56834,土豆,2.00,广东省广州市江南农副产品市场
2015-05-06,56881,土豆,2.00,广东省广州市江南农副产品市场
2015-05-07,57073,土豆,2.40,广东省广州市江南农副产品市场
2015-05-08,57142,土豆,2.20,广东省广州市江南农副产品市场
2015-05-09,57265,土豆,2.20,广东省广州市江南农副产品市场
2015-05-10,57383,土豆,2.20,广东省广州市江南农副产品市场
2015-05-11,57493,土豆,2.20,广东省广州市江南农副产品市场
2015-05-12,57719,土豆,2.20,广东省广州市江南农副产品市场
2015-05-13,57850,土豆,2.20,广东省广州市江南农副产品市场
2015-05-14,57926,土豆,2.20,广东省广州市江南农副产品市场
2015-05-15,58060,土豆,2.20,广东省广州市江南农副产品市场
2015-05-16,58060,土豆,2.20,广东省广州市江南农副产品市场
2015-05-17,58268,土豆,2.20,广东省广州市江南农副产品市场
2015-05-18,58398,土豆,2.20,广东省广州市江南农副产品市场
2015-05-19,58573,土豆,2.20,广东省广州市江南农副产品市场
2015-05-20,58629,土豆,2.20,广东省广州市江南农副产品市场
2015-05-21,58797,土豆,2.10,广东省广州市江南农副产品市场
2015-05-22,58949,土豆,2.10,广东省广州市江南农副产品市场
2015-05-23,58949,土豆,2.10,广东省广州市江南农副产品市场
2015-05-24,58949,土豆,2.10,广东省广州市江南农副产品市场
2015-05-25,59160,土豆,2.10,广东省广州市江南农副产品市场
2015-05-26,59220,土豆,2.20,广东省广州市江南农副产品市场
2015-05-27,59342,土豆,2.20,广东省广州市江南农副产品市场
2015-05-28,59342,土豆,2.30,广东省广州市江南农副产品市场
2015-05-29,59342,土豆,2.40,广东省广州市江南农副产品市场
2015-05-30,59342,土豆,2.50,广东省广州市江南农副产品市场
2015-05-31,59342,土豆,2.60,广东省广州市江南农副产品市场
2015-06-01,59544,土豆,2.70,广东省广州市江南农副产品市场
2015-06-02,59736,土豆,2.30,广东省广州市江南农副产品市场
2015-06-03,59830,土豆,2.30,广东省广州市江南农副产品市场
2015-06-04,59998,土豆,2.50,广东省广州市江南农副产品市场
2015-06-05,60131,土豆,2.50,广东省广州市江南农副产品市场
2015-06-06,60131,土豆,2.47,广东省广州市江南农副产品市场
2015-06-07,60131,土豆,2.43,广东省广州市江南农副产品市场
2015-06-08,60172,土豆,2.40,广东省广州市江南农副产品市场
2015-06-09,60172,土豆,2.50,广东省广州市江南农副产品市场
2015-06-10,60413,土豆,2.60,广东省广州市江南农副产品市场
2015-06-11,60557,土豆,2.60,广东省广州市江南农副产品市场
2015-06-12,60679,土豆,2.50,广东省广州市江南农副产品市场
2015-06-13,60775,土豆,2.60,广东省广州市江南农副产品市场
2015-06-14,60848,土豆,2.30,广东省广州市江南农副产品市场
2015-06-15,60948,土豆,2.50,广东省广州市江南农副产品市场
2015-06-16,61144,土豆,2.50,广东省广州市江南农副产品市场
2015-06-17,61258,土豆,2.60,广东省广州市江南农副产品市场
2015-06-18,61456,土豆,2.60,广东省广州市江南农副产品市场
2015-06-19,61520,土豆,2.50,广东省广州市江南农副产品市场
2015-06-20,61694,土豆,2.60,广东省广州市江南农副产品市场
2015-06-21,61765,土豆,2.40,广东省广州市江南农副产品市场
2015-06-22,61884,土豆,2.80,广东省广州市江南农副产品市场
2015-06-23,61942,土豆,2.60,广东省广州市江南农副产品市场
2015-06-24,62101,土豆,2.30,广东省广州市江南农副产品市场
2015-06-25,62231,土豆,2.30,广东省广州市江南农副产品市场
2015-06-26,62364,土豆,2.60,广东省广州市江南农副产品市场
2015-06-27,62511,土豆,2.50,广东省广州市江南农副产品市场
2015-06-28,62595,土豆,2.20,广东省广州市江南农副产品市场
2015-06-29,62744,土豆,2.50,广东省广州市江南农副产品市场
2015-06-30,62796,土豆,2.60,广东省广州市江南农副产品市场
2015-07-01,62977,土豆,2.20,广东省广州市江南农副产品市场
2015-07-02,62977,土豆,2.33,广东省广州市江南农副产品市场
2015-07-03,62977,土豆,2.47,广东省广州市江南农副产品市场
2015-07-04,63102,土豆,2.60,广东省广州市江南农副产品市场
2015-07-05,63223,土豆,2.50,广东省广州市江南农副产品市场
2015-07-06,63427,土豆,2.50,广东省广州市江南农副产品市场
2015-07-07,63544,土豆,2.60,广东省广州市江南农副产品市场
2015-07-08,63696,土豆,2.50,广东省广州市江南农副产品市场
2015-07-09,63799,土豆,2.40,广东省广州市江南农副产品市场
2015-07-10,63936,土豆,2.40,广东省广州市江南农副产品市场
2015-07-11,64029,土豆,2.40,广东省广州市江南农副产品市场
2015-07-12,64161,土豆,2.60,广东省广州市江南农副产品市场
2015-07-13,64244,土豆,2.50,广东省广州市江南农副产品市场
2015-07-14,64449,土豆,2.30,广东省广州市江南农副产品市场
2015-07-15,64544,土豆,2.30,广东省广州市江南农副产品市场
2015-07-16,64641,土豆,2.60,广东省广州市江南农副产品市场
2015-07-17,64863,土豆,2.60,广东省广州市江南农副产品市场
2015-07-18,64959,土豆,2.40,广东省广州市江南农副产品市场
2015-07-19,65007,土豆,2.60,广东省广州市江南农副产品市场
2015-07-20,65130,土豆,2.30,广东省广州市江南农副产品市场
2015-07-21,65242,土豆,2.30,广东省广州市江南农副产品市场
2015-07-22,65433,土豆,2.60,广东省广州市江南农副产品市场
2015-07-23,65505,土豆,2.80,广东省广州市江南农副产品市场
2015-07-24,65702,土豆,3.00,广东省广州市江南农副产品市场
2015-07-25,65773,土豆,3.00,广东省广州市江南农副产品市场
2015-07-26,65905,土豆,3.00,广东省广州市江南农副产品市场
2015-07-27,65969,土豆,2.50,广东省广州市江南农副产品市场
2015-07-28,66120,土豆,2.30,广东省广州市江南农副产品市场
2015-07-29,66259,土豆,2.50,广东省广州市江南农副产品市场
2015-07-30,66387,土豆,2.50,广东省广州市江南农副产品市场
2015-07-31,66552,土豆,2.50,广东省广州市江南农副产品市场
2015-08-01,66605,土豆,2.30,广东省广州市江南农副产品市场
2015-08-02,66734,土豆,2.40,广东省广州市江南农副产品市场
2015-08-03,66888,土豆,2.20,广东省广州市江南农副产品市场
2015-08-04,66991,土豆,2.20,广东省广州市江南农副产品市场
2015-08-05,67130,土豆,2.40,广东省广州市江南农副产品市场
2015-08-06,67277,土豆,2.40,广东省广州市江南农副产品市场
2015-08-07,67357,土豆,2.30,广东省广州市江南农副产品市场
2015-08-08,67532,土豆,2.20,广东省广州市江南农副产品市场
2015-08-09,67617,土豆,2.00,广东省广州市江南农副产品市场
2015-08-10,67729,土豆,2.00,广东省广州市江南农副产品市场
2015-08-11,67854,土豆,2.00,广东省广州市江南农副产品市场
2015-08-12,67971,土豆,2.50,广东省广州市江南农副产品市场
2015-08-13,67971,土豆,2.40,广东省广州市江南农副产品市场
2015-08-14,68086,土豆,2.30,广东省广州市江南农副产品市场
2015-08-15,68154,土豆,2.30,广东省广州市江南农副产品市场
2015-08-16,68300,土豆,2.50,广东省广州市江南农副产品市场
2015-08-17,68434,土豆,2.50,广东省广州市江南农副产品市场
2015-08-18,68564,土豆,2.50,广东省广州市江南农副产品市场
2015-08-19,68630,土豆,2.50,广东省广州市江南农副产品市场
2015-08-20,68765,土豆,2.60,广东省广州市江南农副产品市场
2015-08-21,68920,土豆,2.50,广东省广州市江南农副产品市场
2015-08-22,69029,土豆,2.60,广东省广州市江南农副产品市场
2015-08-23,69119,土豆,2.50,广东省广州市江南农副产品市场
2015-08-24,69272,土豆,2.50,广东省广州市江南农副产品市场
2015-08-25,69320,土豆,2.50,广东省广州市江南农副产品市场
2015-08-26,69504,土豆,2.60,广东省广州市江南农副产品市场
2015-08-27,69630,土豆,2.50,广东省广州市江南农副产品市场
2015-08-28,69763,土豆,2.30,广东省广州市江南农副产品市场
2015-08-29,69823,土豆,2.40,广东省广州市江南农副产品市场
2015-08-30,69914,土豆,2.30,广东省广州市江南农副产品市场
2015-08-31,70035,土豆,2.30,广东省广州市江南农副产品市场
2015-09-01,70210,土豆,2.30,广东省广州市江南农副产品市场
2015-09-02,70337,土豆,2.10,广东省广州市江南农副产品市场
2015-09-03,70384,土豆,2.10,广东省广州市江南农副产品市场
2015-09-04,70509,土豆,2.20,广东省广州市江南农副产品市场
2015-09-05,70608,土豆,2.10,广东省广州市江南农副产品市场
2015-09-06,70728,土豆,2.10,广东省广州市江南农副产品市场
2015-09-07,70762,土豆,2.10,广东省广州市江南农副产品市场
2015-09-08,70921,土豆,2.10,广东省广州市江南农副产品市场
2015-09-09,71132,土豆,2.10,广东省广州市江南农副产品市场
2015-09-10,71213,土豆,2.30,广东省广州市江南农副产品市场
2015-09-11,71392,土豆,2.30,广东省广州市江南农副产品市场
2015-09-12,71459,土豆,2.30,广东省广州市江南农副产品市场
2015-09-13,71511,土豆,2.30,广东省广州市江南农副产品市场
2015-09-14,71681,土豆,2.30,广东省广州市江南农副产品市场
2015-09-15,71856,土豆,2.30,广东省广州市江南农副产品市场
2015-09-16,71989,土豆,2.30,广东省广州市江南农副产品市场
2015-09-17,72123,土豆,2.00,广东省广州市江南农副产品市场
2015-09-18,72241,土豆,2.00,广东省广州市江南农副产品市场
2015-09-19,72289,土豆,2.00,广东省广州市江南农副产品市场
2015-09-20,72385,土豆,2.00,广东省广州市江南农副产品市场
2015-09-21,72479,土豆,2.00,广东省广州市江南农副产品市场
2015-09-22,72621,土豆,2.00,广东省广州市江南农副产品市场
2015-09-23,72858,土豆,2.00,广东省广州市江南农副产品市场
2015-09-24,72980,土豆,2.00,广东省广州市江南农副产品市场
2015-09-25,73093,土豆,2.00,广东省广州市江南农副产品市场
2015-09-26,73183,土豆,2.00,广东省广州市江南农副产品市场
2015-09-27,73237,土豆,2.20,广东省广州市江南农副产品市场
2015-09-28,73329,土豆,2.20,广东省广州市江南农副产品市场
2015-09-29,73528,土豆,2.00,广东省广州市江南农副产品市场
2015-09-30,73678,土豆,2.00,广东省广州市江南农副产品市场
2015-10-01,73790,土豆,2.00,广东省广州市江南农副产品市场
2015-10-02,73873,土豆,1.90,广东省广州市江南农副产品市场
2015-10-03,73916,土豆,2.00,广东省广州市江南农副产品市场
2015-10-04,74010,土豆,2.00,广东省广州市江南农副产品市场
2015-10-05,74154,土豆,1.90,广东省广州市江南农副产品市场
2015-10-06,74190,土豆,2.00,广东省广州市江南农副产品市场
2015-10-07,74320,土豆,1.90,广东省广州市江南农副产品市场
2015-10-08,74432,土豆,2.00,广东省广州市江南农副产品市场
2015-10-09,74586,土豆,1.90,广东省广州市江南农副产品市场
2015-10-10,74757,土豆,1.80,广东省广州市江南农副产品市场
2015-10-11,74828,土豆,1.80,广东省广州市江南农副产品市场
2015-10-12,74929,土豆,1.90,广东省广州市江南农副产品市场
2015-10-13,75042,土豆,1.80,广东省广州市江南农副产品市场
2015-10-14,75079,土豆,1.90,广东省广州市江南农副产品市场
2015-10-15,75268,土豆,1.80,广东省广州市江南农副产品市场
2015-10-16,75335,土豆,1.90,广东省广州市江南农副产品市场
2015-10-17,75446,土豆,1.90,广东省广州市江南农副产品市场
2015-10-18,75595,土豆,1.90,广东省广州市江南农副产品市场
2015-10-19,75682,土豆,2.00,广东省广州市江南农副产品市场
2015-10-20,75782,土豆,2.00,广东省广州市江南农副产品市场
2015-10-21,75924,土豆,2.00,广东省广州市江南农副产品市场
2015-10-22,76039,土豆,2.00,广东省广州市江南农副产品市场
2015-10-23,76178,土豆,2.00,广东省广州市江南农副产品市场
2015-10-24,76298,土豆,2.00,广东省广州市江南农副产品市场
2015-10-25,76345,土豆,2.00,广东省广州市江南农副产品市场
2015-10-26,76521,土豆,1.90,广东省广州市江南农副产品市场
2015-10-27,76570,土豆,2.00,广东省广州市江南农副产品市场
2015-10-28,76750,土豆,2.00,广东省广州市江南农副产品市场
2015-10-29,76910,土豆,1.90,广东省广州市江南农副产品市场
2015-10-30,77026,土豆,1.90,广东省广州市江南农副产品市场
2015-10-31,77153,土豆,1.90,广东省广州市江南农副产品市场
2015-11-01,77235,土豆,1.90,广东省广州市江南农副产品市场
2015-11-02,77346,土豆,1.90,广东省广州市江南农副产品市场
2015-11-03,77490,土豆,1.90,广东省广州市江南农副产品市场
2015-11-04,77643,土豆,1.90,广东省广州市江南农副产品市场
2015-11-05,77703,土豆,1.90,广东省广州市江南农副产品市场
2015-11-06,77898,土豆,1.90,广东省广州市江南农副产品市场
2015-11-07,78012,土豆,1.90,广东省广州市江南农副产品市场
2015-11-08,78017,土豆,1.90,广东省广州市江南农副产品市场
2015-11-09,78163,土豆,1.90,广东省广州市江南农副产品市场
2015-11-10,78274,土豆,1.90,广东省广州市江南农副产品市场
2015-11-11,78401,土豆,1.90,广东省广州市江南农副产品市场
2015-11-12,78559,土豆,1.90,广东省广州市江南农副产品市场
2015-11-13,78718,土豆,1.90,广东省广州市江南农副产品市场
2015-11-14,78774,土豆,2.00,广东省广州市江南农副产品市场
2015-11-15,78860,土豆,2.00,广东省广州市江南农副产品市场
2015-11-16,79043,土豆,2.00,广东省广州市江南农副产品市场
2015-11-17,79118,土豆,2.00,广东省广州市江南农副产品市场
2015-11-18,79239,土豆,2.00,广东省广州市江南农副产品市场
2015-11-19,79465,土豆,2.00,广东省广州市江南农副产品市场
2015-11-20,79516,土豆,2.00,广东省广州市江南农副产品市场
2015-11-21,79670,土豆,2.00,广东省广州市江南农副产品市场
2015-11-22,79788,土豆,2.00,广东省广州市江南农副产品市场
2015-11-23,79911,土豆,2.00,广东省广州市江南农副产品市场
2015-11-24,80019,土豆,1.90,广东省广州市江南农副产品市场
2015-11-25,80094,土豆,1.90,广东省广州市江南农副产品市场
2015-11-26,80211,土豆,1.90,广东省广州市江南农副产品市场
2015-11-27,80345,土豆,1.90,广东省广州市江南农副产品市场
2015-11-28,80505,土豆,1.90,广东省广州市江南农副产品市场
2015-11-29,80551,土豆,1.90,广东省广州市江南农副产品市场
2015-11-30,80669,土豆,1.90,广东省广州市江南农副产品市场
2015-12-01,80786,土豆,1.90,广东省广州市江南农副产品市场
2015-12-02,80900,土豆,1.90,广东省广州市江南农副产品市场
2015-12-03,81060,土豆,1.50,广东省广州市江南农副产品市场
2015-12-04,81188,土豆,1.40,广东省广州市江南农副产品市场
2015-12-05,81300,土豆,1.30,广东省广州市江南农副产品市场
2015-12-06,81424,土豆,1.40,广东省广州市江南农副产品市场
2015-12-07,81539,土豆,1.30,广东省广州市江南农副产品市场
2015-12-08,81641,土豆,1.50,广东省广州市江南农副产品市场
2015-12-09,81772,土豆,1.40,广东省广州市江南农副产品市场
2015-12-10,81931,土豆,1.70,广东省广州市江南农副产品市场
2015-12-11,82018,土豆,1.80,广东省广州市江南农副产品市场
2015-12-12,82167,土豆,1.90,广东省广州市江南农副产品市场
2015-12-13,82226,土豆,1.90,广东省广州市江南农副产品市场
2015-12-14,82392,土豆,2.00,广东省广州市江南农副产品市场
2015-12-15,82437,土豆,2.10,广东省广州市江南农副产品市场
2015-12-16,82606,土豆,2.10,广东省广州市江南农副产品市场
2015-12-17,82682,土豆,2.00,广东省广州市江南农副产品市场
2015-12-18,82866,土豆,2.00,广东省广州市江南农副产品市场
2015-12-19,83013,土豆,2.00,广东省广州市江南农副产品市场
2015-12-20,83047,土豆,2.00,广东省广州市江南农副产品市场
2015-12-21,83138,土豆,2.00,广东省广州市江南农副产品市场
2015-12-22,83299,土豆,2.00,广东省广州市江南农副产品市场
2015-12-23,83449,土豆,2.00,广东省广州市江南农副产品市场
2015-12-24,83591,土豆,2.00,广东省广州市江南农副产品市场
2015-12-25,83634,土豆,2.00,广东省广州市江南农副产品市场
2015-12-26,83779,土豆,2.00,广东省广州市江南农副产品市场
2015-12-27,83939,土豆,2.00,广东省广州市江南农副产品市场
2015-12-28,83960,土豆,2.00,广东省广州市江南农副产品市场
2015-12-29,84137,土豆,2.00,广东省广州市江南农副产品市场
2015-12-30,84285,土豆,2.00,广东省广州市江南农副产品市场
2015-12-31,84369,土豆,2.00,广东省广州市江南农副产品市场
2016-01-01,84554,土豆,2.10,广东省广州市江南农副产品市场
2016-01-02,84578,土豆,2.10,广东省广州市江南农副产品市场
2016-01-03,84665,土豆,2.10,广东省广州市江南农副产品市场
2016-01-04,84747,土豆,2.10,广东省广州市江南农副产品市场
2016-01-05,84980,土豆,2.10,广东省广州市江南农副产品市场
2016-01-06,85056,土豆,2.10,广东省广州市江南农副产品市场
2016-01-07,85161,土豆,2.10,广东省广州市江南农副产品市场
2016-01-08,85354,土豆,2.10,广东省广州市江南农副产品市场
2016-01-09,85468,土豆,2.10,广东省广州市江南农副产品市场
2016-01-10,85567,土豆,2.10,广东省广州市江南农副产品市场
2016-01-11,85588,土豆,2.10,广东省广州市江南农副产品市场
2016-01-12,85776,土豆,2.10,广东省广州市江南农副产品市场
2016-01-13,85893,土豆,2.10,广东省广州市江南农副产品市场
2016-01-14,86020,土豆,2.00,广东省广州市江南农副产品市场
2016-01-15,86195,土豆,2.00,广东省广州市江南农副产品市场
2016-01-16,86308,土豆,2.00,广东省广州市江南农副产品市场
2016-01-17,86360,土豆,2.00,广东省广州市江南农副产品市场
2016-01-18,86479,土豆,2.00,广东省广州市江南农副产品市场
2016-01-19,86586,土豆,2.00,广东省广州市江南农副产品市场
2016-01-20,86717,土豆,2.00,广东省广州市江南农副产品市场
2016-01-21,86913,土豆,2.00,广东省广州市江南农副产品市场
2016-01-22,87054,土豆,2.00,广东省广州市江南农副产品市场
2016-01-23,87170,土豆,2.00,广东省广州市江南农副产品市场
2016-01-24,87210,土豆,2.20,广东省广州市江南农副产品市场
2016-01-25,87285,土豆,2.20,广东省广州市江南农副产品市场
2016-01-26,87420,土豆,2.20,广东省广州市江南农副产品市场
2016-01-27,87550,土豆,2.20,广东省广州市江南农副产品市场
2016-01-28,87686,土豆,2.20,广东省广州市江南农副产品市场
2016-01-29,87809,土豆,2.20,广东省广州市江南农副产品市场
2016-01-30,87905,土豆,2.20,广东省广州市江南农副产品市场
2016-01-31,88016,土豆,2.20,广东省广州市江南农副产品市场
2016-02-01,88190,土豆,2.10,广东省广州市江南农副产品市场
2016-02-02,88297,土豆,2.20,广东省广州市江南农副产品市场
2016-02-03,88452,土豆,2.10,广东省广州市江南农副产品市场
2016-02-04,88522,土豆,2.50,广东省广州市江南农副产品市场
2016-02-05,88697,土豆,2.50,广东省广州市江南农副产品市场
2016-02-06,88765,土豆,2.50,广东省广州市江南农副产品市场
2016-02-07,88843,土豆,2.50,广东省广州市江南农副产品市场
2016-02-08,88928,土豆,3.00,广东省广州市江南农副产品市场
2016-02-09,88937,土豆,2.90,广东省广州市江南农副产品市场
2016-02-10,89014,土豆,3.00,广东省广州市江南农副产品市场
2016-02-11,89038,土豆,3.00,广东省广州市江南农副产品市场
2016-02-12,89113,土豆,3.00,广东省广州市江南农副产品市场
2016-02-13,89177,土豆,2.70,广东省广州市江南农副产品市场
2016-02-14,89259,土豆,2.60,广东省广州市江南农副产品市场
2016-02-15,89370,土豆,2.50,广东省广州市江南农副产品市场
2016-02-16,89515,土豆,2.50,广东省广州市江南农副产品市场
2016-02-17,89605,土豆,2.50,广东省广州市江南农副产品市场
2016-02-18,89690,土豆,2.60,广东省广州市江南农副产品市场
2016-02-19,89823,土豆,2.80,广东省广州市江南农副产品市场
2016-02-20,89922,土豆,2.50,广东省广州市江南农副产品市场
2016-02-21,89993,土豆,2.80,广东省广州市江南农副产品市场
2016-02-22,90142,土豆,2.60,广东省广州市江南农副产品市场
2016-02-23,90142,土豆,2.65,广东省广州市江南农副产品市场
2016-02-24,90372,土豆,2.70,广东省广州市江南农副产品市场
2016-02-25,90529,土豆,2.50,广东省广州市江南农副产品市场
2016-02-26,90635,土豆,2.50,广东省广州市江南农副产品市场
2016-02-27,90762,土豆,2.50,广东省广州市江南农副产品市场
2016-02-28,90838,土豆,2.50,广东省广州市江南农副产品市场
2016-02-29,90904,土豆,2.50,广东省广州市江南农副产品市场
2016-03-01,91132,土豆,2.50,广东省广州市江南农副产品市场
2016-03-02,91228,土豆,2.60,广东省广州市江南农副产品市场
2016-03-03,91295,土豆,2.80,广东省广州市江南农副产品市场
2016-03-04,91472,土豆,2.90,广东省广州市江南农副产品市场
2016-03-05,91556,土豆,2.80,广东省广州市江南农副产品市场
2016-03-06,91655,土豆,2.80,广东省广州市江南农副产品市场
2016-03-07,91783,土豆,2.90,广东省广州市江南农副产品市场
2016-03-08,91888,土豆,2.60,广东省广州市江南农副产品市场
2016-03-09,92087,土豆,2.60,广东省广州市江南农副产品市场
2016-03-10,92208,土豆,2.80,广东省广州市江南农副产品市场
2016-03-11,92302,土豆,2.80,广东省广州市江南农副产品市场
2016-03-12,92359,土豆,2.80,广东省广州市江南农副产品市场
2016-03-13,92475,土豆,2.60,广东省广州市江南农副产品市场
2016-03-14,92656,土豆,2.60,广东省广州市江南农副产品市场
2016-03-15,92766,土豆,2.80,广东省广州市江南农副产品市场
2016-03-16,92796,土豆,2.80,广东省广州市江南农副产品市场
2016-03-17,92934,土豆,2.90,广东省广州市江南农副产品市场
2016-03-18,93107,土豆,2.90,广东省广州市江南农副产品市场
2016-03-19,93107,土豆,2.85,广东省广州市江南农副产品市场
2016-03-20,93292,土豆,2.80,广东省广州市江南农副产品市场
2016-03-21,93356,土豆,2.80,广东省广州市江南农副产品市场
2016-03-22,93539,土豆,2.80,广东省广州市江南农副产品市场
2016-03-23,93661,土豆,2.80,广东省广州市江南农副产品市场
2016-03-24,93687,土豆,2.80,广东省广州市江南农副产品市场
2016-03-25,93921,土豆,2.80,广东省广州市江南农副产品市场
2016-03-26,93921,土豆,2.87,广东省广州市江南农副产品市场
2016-03-27,93921,土豆,2.93,广东省广州市江南农副产品市场
2016-03-28,93948,土豆,3.00,广东省广州市江南农副产品市场
2016-03-29,94086,土豆,3.00,广东省广州市江南农副产品市场
2016-03-30,94257,土豆,2.90,广东省广州市江南农副产品市场
2016-03-31,94382,土豆,3.00,广东省广州市江南农副产品市场
2016-04-01,94571,土豆,3.00,广东省广州市江南农副产品市场
2016-04-02,94670,土豆,3.00,广东省广州市江南农副产品市场
2016-04-03,94762,土豆,3.00,广东省广州市江南农副产品市场
2016-04-04,94800,土豆,3.20,广东省广州市江南农副产品市场
2016-04-05,94913,土豆,3.00,广东省广州市江南农副产品市场
2016-04-06,95022,土豆,3.00,广东省广州市江南农副产品市场
2016-04-07,95257,土豆,3.00,广东省广州市江南农副产品市场
2016-04-08,95292,土豆,2.90,广东省广州市江南农副产品市场
2016-04-09,95463,土豆,2.90,广东省广州市江南农副产品市场
2016-04-10,95563,土豆,2.90,广东省广州市江南农副产品市场
2016-04-11,95644,土豆,3.00,广东省广州市江南农副产品市场
2016-04-12,95760,土豆,3.00,广东省广州市江南农副产品市场
2016-04-13,95949,土豆,2.90,广东省广州市江南农副产品市场
2016-04-14,95968,土豆,3.20,广东省广州市江南农副产品市场
2016-04-15,96137,土豆,3.20,广东省广州市江南农副产品市场
2016-04-16,96279,土豆,3.20,广东省广州市江南农副产品市场
2016-04-17,96330,土豆,3.50,广东省广州市江南农副产品市场
2016-04-18,96497,土豆,3.30,广东省广州市江南农副产品市场
2016-04-19,96676,土豆,3.30,广东省广州市江南农副产品市场
2016-04-20,96721,土豆,3.30,广东省广州市江南农副产品市场
2016-04-21,96865,土豆,3.30,广东省广州市江南农副产品市场
2016-04-22,96986,土豆,3.40,广东省广州市江南农副产品市场
2016-04-23,97147,土豆,3.50,广东省广州市江南农副产品市场
2016-04-24,97221,土豆,3.50,广东省广州市江南农副产品市场
2016-04-25,97292,土豆,3.50,广东省广州市江南农副产品市场
2016-04-26,97462,土豆,3.50,广东省广州市江南农副产品市场
2016-04-27,97508,土豆,3.50,广东省广州市江南农副产品市场
2016-04-28,97747,土豆,3.60,广东省广州市江南农副产品市场
2016-04-29,97821,土豆,3.60,广东省广州市江南农副产品市场
2016-04-30,97980,土豆,3.60,广东省广州市江南农副产品市场
2016-05-01,98034,土豆,3.60,广东省广州市江南农副产品市场
2016-05-02,98147,土豆,3.70,广东省广州市江南农副产品市场
2016-05-03,98190,土豆,3.60,广东省广州市江南农副产品市场
2016-05-04,98311,土豆,3.60,广东省广州市江南农副产品市场
2016-05-05,98455,土豆,3.70,广东省广州市江南农副产品市场
2016-05-06,98602,土豆,3.70,广东省广州市江南农副产品市场
2016-05-07,98764,土豆,3.60,广东省广州市江南农副产品市场
2016-05-08,98852,土豆,3.60,广东省广州市江南农副产品市场
2016-05-09,98986,土豆,3.70,广东省广州市江南农副产品市场
2016-05-10,99068,土豆,3.60,广东省广州市江南农副产品市场
2016-05-11,99068,土豆,3.60,广东省广州市江南农副产品市场
2016-05-12,99145,土豆,3.60,广东省广州市江南农副产品市场
2016-05-13,99315,土豆,3.60,广东省广州市江南农副产品市场
2016-05-14,99392,土豆,3.60,广东省广州市江南农副产品市场
2016-05-15,99498,土豆,3.50,广东省广州市江南农副产品市场
2016-05-16,99561,土豆,3.60,广东省广州市江南农副产品市场
2016-05-17,99799,土豆,3.50,广东省广州市江南农副产品市场
2016-05-18,99845,土豆,3.50,广东省广州市江南农副产品市场
2016-05-19,99995,土豆,3.20,广东省广州市江南农副产品市场
2016-05-20,100109,土豆,3.20,广东省广州市江南农副产品市场
2016-05-21,100266,土豆,3.20,广东省广州市江南农副产品市场
2016-05-22,100284,土豆,3.20,广东省广州市江南农副产品市场
2016-05-23,100471,土豆,3.20,广东省广州市江南农副产品市场
2016-05-24,100571,土豆,3.20,广东省广州市江南农副产品市场
2016-05-25,100712,土豆,3.20,广东省广州市江南农副产品市场
2016-05-26,100813,土豆,3.30,广东省广州市江南农副产品市场
2016-05-27,100947,土豆,3.30,广东省广州市江南农副产品市场
2016-05-28,101055,土豆,3.20,广东省广州市江南农副产品市场
2016-05-29,101094,土豆,3.20,广东省广州市江南农副产品市场
2016-05-30,101186,土豆,3.30,广东省广州市江南农副产品市场
2016-05-31,101356,土豆,3.20,广东省广州市江南农副产品市场
2016-06-01,101458,土豆,3.20,广东省广州市江南农副产品市场
2016-06-02,101591,土豆,3.20,广东省广州市江南农副产品市场
2016-06-03,101773,土豆,3.30,广东省广州市江南农副产品市场
2016-06-04,101818,土豆,3.40,广东省广州市江南农副产品市场
2016-06-05,101975,土豆,3.30,广东省广州市江南农副产品市场
2016-06-06,102115,土豆,3.30,广东省广州市江南农副产品市场
2016-06-07,102224,土豆,3.00,广东省广州市江南农副产品市场
2016-06-08,102315,土豆,2.80,广东省广州市江南农副产品市场
2016-06-09,102384,土豆,2.60,广东省广州市江南农副产品市场
2016-06-10,102496,土豆,2.50,广东省广州市江南农副产品市场
2016-06-11,102596,土豆,2.40,广东省广州市江南农副产品市场
2016-06-12,102700,土豆,2.40,广东省广州市江南农副产品市场
2016-06-13,102818,土豆,2.30,广东省广州市江南农副产品市场
2016-06-14,102911,土豆,2.40,广东省广州市江南农副产品市场
2016-06-15,103128,土豆,2.40,广东省广州市江南农副产品市场
2016-06-16,103219,土豆,2.50,广东省广州市江南农副产品市场
2016-06-17,103317,土豆,2.40,广东省广州市江南农副产品市场
2016-06-18,103470,土豆,2.40,广东省广州市江南农副产品市场
2016-06-19,103504,土豆,2.40,广东省广州市江南农副产品市场
2016-06-20,103633,土豆,2.30,广东省广州市江南农副产品市场
2016-06-21,103771,土豆,2.10,广东省广州市江南农副产品市场
2016-06-22,103906,土豆,2.10,广东省广州市江南农副产品市场
2016-06-23,103986,土豆,2.10,广东省广州市江南农副产品市场
2016-06-24,104155,土豆,2.10,广东省广州市江南农副产品市场
2016-06-25,104261,土豆,2.10,广东省广州市江南农副产品市场
2016-06-26,104351,土豆,2.10,广东省广州市江南农副产品市场
2016-06-27,104506,土豆,2.00,广东省广州市江南农副产品市场
2016-06-28,104589,土豆,2.00,广东省广州市江南农副产品市场
2016-06-29,104774,土豆,2.10,广东省广州市江南农副产品市场
2016-06-30,104828,土豆,2.10,广东省广州市江南农副产品市场
2016-07-01,104986,土豆,2.10,广东省广州市江南农副产品市场
2016-07-02,105108,土豆,2.10,广东省广州市江南农副产品市场
2016-07-03,105175,土豆,2.00,广东省广州市江南农副产品市场
2016-07-04,105317,土豆,2.00,广东省广州市江南农副产品市场
2016-07-05,105362,土豆,2.00,广东省广州市江南农副产品市场
2016-07-06,105576,土豆,2.00,广东省广州市江南农副产品市场
2016-07-07,105596,土豆,2.00,广东省广州市江南农副产品市场
2016-07-08,105738,土豆,2.00,广东省广州市江南农副产品市场
2016-07-09,105826,土豆,2.00,广东省广州市江南农副产品市场
2016-07-10,105966,土豆,2.00,广东省广州市江南农副产品市场
2016-07-11,106017,土豆,2.00,广东省广州市江南农副产品市场
2016-07-12,106243,土豆,2.00,广东省广州市江南农副产品市场
2016-07-13,106307,土豆,2.00,广东省广州市江南农副产品市场
2016-07-14,106470,土豆,2.00,广东省广州市江南农副产品市场
2016-07-15,106575,土豆,2.00,广东省广州市江南农副产品市场
2016-07-16,106663,土豆,2.00,广东省广州市江南农副产品市场
2016-07-17,106793,土豆,2.00,广东省广州市江南农副产品市场
2016-07-18,106832,土豆,2.00,广东省广州市江南农副产品市场
2016-07-19,107025,土豆,2.00,广东省广州市江南农副产品市场
2016-07-20,107045,土豆,2.00,广东省广州市江南农副产品市场
2016-07-21,107240,土豆,2.00,广东省广州市江南农副产品市场
2016-07-22,107269,土豆,2.00,广东省广州市江南农副产品市场
2016-07-23,107389,土豆,2.00,广东省广州市江南农副产品市场
2016-07-24,107482,土豆,2.00,广东省广州市江南农副产品市场
2016-07-25,107675,土豆,2.00,广东省广州市江南农副产品市场
2016-07-26,107787,土豆,2.00,广东省广州市江南农副产品市场
2016-07-27,107890,土豆,1.90,广东省广州市江南农副产品市场
2016-07-28,108051,土豆,1.80,广东省广州市江南农副产品市场
2016-07-29,108082,土豆,1.80,广东省广州市江南农副产品市场
2016-07-30,108251,土豆,1.80,广东省广州市江南农副产品市场
2016-07-31,108302,土豆,1.80,广东省广州市江南农副产品市场
2016-08-01,108488,土豆,1.80,广东省广州市江南农副产品市场
2016-08-02,108569,土豆,1.70,广东省广州市江南农副产品市场
2016-08-03,108660,土豆,1.80,广东省广州市江南农副产品市场
2016-08-04,108880,土豆,1.70,广东省广州市江南农副产品市场
2016-08-05,109022,土豆,1.80,广东省广州市江南农副产品市场
2016-08-06,109118,土豆,1.90,广东省广州市江南农副产品市场
2016-08-07,109129,土豆,1.80,广东省广州市江南农副产品市场
2016-08-08,109267,土豆,1.90,广东省广州市江南农副产品市场
2016-08-09,109428,土豆,1.80,广东省广州市江南农副产品市场
2016-08-10,109588,土豆,1.70,广东省广州市江南农副产品市场
2016-08-11,109725,土豆,1.60,广东省广州市江南农副产品市场
2016-08-12,109740,土豆,1.70,广东省广州市江南农副产品市场
2016-08-13,109863,土豆,1.70,广东省广州市江南农副产品市场
2016-08-14,109959,土豆,1.70,广东省广州市江南农副产品市场
2016-08-15,110123,土豆,1.60,广东省广州市江南农副产品市场
2016-08-16,110268,土豆,1.70,广东省广州市江南农副产品市场
2016-08-17,110393,土豆,1.80,广东省广州市江南农副产品市场
2016-08-18,110494,土豆,1.90,广东省广州市江南农副产品市场
2016-08-19,110608,土豆,1.90,广东省广州市江南农副产品市场
2016-08-20,110741,土豆,1.90,广东省广州市江南农副产品市场
2016-08-21,110792,土豆,1.80,广东省广州市江南农副产品市场
2016-08-22,110980,土豆,1.90,广东省广州市江南农副产品市场
2016-08-23,111090,土豆,1.90,广东省广州市江南农副产品市场
2016-08-24,111125,土豆,1.90,广东省广州市江南农副产品市场
2016-08-25,111329,土豆,2.00,广东省广州市江南农副产品市场
2016-08-26,111463,土豆,2.00,广东省广州市江南农副产品市场
2016-08-27,111536,土豆,1.80,广东省广州市江南农副产品市场
2016-08-28,111650,土豆,1.80,广东省广州市江南农副产品市场
2016-08-29,111777,土豆,1.90,广东省广州市江南农副产品市场
2016-08-30,111823,土豆,1.90,广东省广州市江南农副产品市场
2016-08-31,111970,土豆,1.90,广东省广州市江南农副产品市场
2016-09-01,112175,土豆,1.80,广东省广州市江南农副产品市场
2016-09-02,112265,土豆,2.00,广东省广州市江南农副产品市场
2016-09-03,112395,土豆,2.00,广东省广州市江南农副产品市场
2016-09-04,112464,土豆,2.00,广东省广州市江南农副产品市场
2016-09-05,112520,土豆,2.00,广东省广州市江南农副产品市场
2016-09-06,112692,土豆,2.00,广东省广州市江南农副产品市场
2016-09-07,112805,土豆,2.00,广东省广州市江南农副产品市场
2016-09-08,112945,土豆,2.00,广东省广州市江南农副产品市场
2016-09-09,113089,土豆,2.00,广东省广州市江南农副产品市场
2016-09-10,113168,土豆,2.00,广东省广州市江南农副产品市场
2016-09-11,113278,土豆,2.00,广东省广州市江南农副产品市场
2016-09-12,113429,土豆,2.00,广东省广州市江南农副产品市场
2016-09-13,113594,土豆,2.20,广东省广州市江南农副产品市场
2016-09-14,113650,土豆,2.20,广东省广州市江南农副产品市场
2016-09-15,113735,土豆,2.20,广东省广州市江南农副产品市场
2016-09-16,113849,土豆,2.20,广东省广州市江南农副产品市场
2016-09-17,113901,土豆,2.20,广东省广州市江南农副产品市场
2016-09-18,114048,土豆,2.20,广东省广州市江南农副产品市场
2016-09-19,114217,土豆,2.20,广东省广州市江南农副产品市场
2016-09-20,114266,土豆,2.20,广东省广州市江南农副产品市场
2016-09-21,114441,土豆,2.30,广东省广州市江南农副产品市场
2016-09-22,114566,土豆,2.30,广东省广州市江南农副产品市场
2016-09-23,114684,土豆,2.30,广东省广州市江南农副产品市场
2016-09-24,114770,土豆,2.30,广东省广州市江南农副产品市场
2016-09-25,114895,土豆,2.40,广东省广州市江南农副产品市场
2016-09-26,114964,土豆,2.40,广东省广州市江南农副产品市场
2016-09-27,115145,土豆,2.30,广东省广州市江南农副产品市场
2016-09-28,115246,土豆,2.30,广东省广州市江南农副产品市场
2016-09-29,115338,土豆,2.30,广东省广州市江南农副产品市场
2016-09-30,115514,土豆,2.30,广东省广州市江南农副产品市场
2016-10-01,115566,土豆,2.30,广东省广州市江南农副产品市场
2016-10-02,115719,土豆,2.20,广东省广州市江南农副产品市场
2016-10-03,115778,土豆,2.30,广东省广州市江南农副产品市场
2016-10-04,115833,土豆,2.30,广东省广州市江南农副产品市场
2016-10-05,115923,土豆,2.30,广东省广州市江南农副产品市场
2016-10-06,115923,土豆,2.30,广东省广州市江南农副产品市场
2016-10-07,115923,土豆,2.30,广东省广州市江南农副产品市场
2016-10-08,116060,土豆,2.30,广东省广州市江南农副产品市场
2016-10-09,116168,土豆,2.30,广东省广州市江南农副产品市场
2016-10-10,116221,土豆,2.30,广东省广州市江南农副产品市场
2016-10-11,116416,土豆,2.30,广东省广州市江南农副产品市场
2016-10-12,116416,土豆,2.30,广东省广州市江南农副产品市场
2016-10-13,116416,土豆,2.30,广东省广州市江南农副产品市场
2016-10-14,116416,土豆,2.30,广东省广州市江南农副产品市场
2016-10-15,116416,土豆,2.30,广东省广州市江南农副产品市场
2016-10-16,116416,土豆,2.30,广东省广州市江南农副产品市场
2016-10-17,116576,土豆,2.30,广东省广州市江南农副产品市场
2016-10-18,116590,土豆,2.30,广东省广州市江南农副产品市场
2016-10-19,116714,土豆,2.20,广东省广州市江南农副产品市场
2016-10-20,116911,土豆,2.20,广东省广州市江南农副产品市场
2016-10-21,117024,土豆,2.20,广东省广州市江南农副产品市场
2016-10-22,117136,土豆,2.30,广东省广州市江南农副产品市场
2016-10-23,117188,土豆,2.30,广东省广州市江南农副产品市场
2016-10-24,117248,土豆,2.30,广东省广州市江南农副产品市场
2016-10-25,117350,土豆,2.30,广东省广州市江南农副产品市场
2016-10-26,117458,土豆,2.30,广东省广州市江南农副产品市场
2016-10-27,117616,土豆,2.30,广东省广州市江南农副产品市场
2016-10-28,117742,土豆,2.30,广东省广州市江南农副产品市场
2016-10-29,117795,土豆,2.30,广东省广州市江南农副产品市场
2016-10-30,117885,土豆,2.30,广东省广州市江南农副产品市场
2016-10-31,118059,土豆,2.30,广东省广州市江南农副产品市场
2016-11-01,118194,土豆,2.30,广东省广州市江南农副产品市场
2016-11-02,118239,土豆,2.10,广东省广州市江南农副产品市场
2016-11-03,118352,土豆,2.30,广东省广州市江南农副产品市场
2016-11-04,118510,土豆,2.20,广东省广州市江南农副产品市场
2016-11-05,118643,土豆,2.30,广东省广州市江南农副产品市场
2016-11-06,118690,土豆,2.40,广东省广州市江南农副产品市场
2016-11-07,118807,土豆,2.30,广东省广州市江南农副产品市场
2016-11-08,118989,土豆,2.40,广东省广州市江南农副产品市场
2016-11-09,119062,土豆,2.20,广东省广州市江南农副产品市场
2016-11-10,119250,土豆,2.20,广东省广州市江南农副产品市场
2016-11-11,119371,土豆,2.20,广东省广州市江南农副产品市场
2016-11-12,119415,土豆,2.20,广东省广州市江南农副产品市场
2016-11-13,119503,土豆,2.20,广东省广州市江南农副产品市场
2016-11-14,119648,土豆,2.20,广东省广州市江南农副产品市场
2016-11-15,119828,土豆,2.20,广东省广州市江南农副产品市场
2016-11-16,119879,土豆,2.40,广东省广州市江南农副产品市场
2016-11-17,120104,土豆,2.40,广东省广州市江南农副产品市场
2016-11-18,120156,土豆,2.40,广东省广州市江南农副产品市场
2016-11-19,120250,土豆,2.20,广东省广州市江南农副产品市场
2016-11-20,120405,土豆,2.20,广东省广州市江南农副产品市场
2016-11-21,120478,土豆,2.20,广东省广州市江南农副产品市场
2016-11-22,120607,土豆,2.20,广东省广州市江南农副产品市场
2016-11-23,120709,土豆,2.20,广东省广州市江南农副产品市场
2016-11-24,120805,土豆,2.20,广东省广州市江南农副产品市场
2016-11-25,120996,土豆,2.20,广东省广州市江南农副产品市场
2016-11-26,121085,土豆,2.20,广东省广州市江南农副产品市场
2016-11-27,121187,土豆,2.30,广东省广州市江南农副产品市场
2016-11-28,121328,土豆,2.20,广东省广州市江南农副产品市场
2016-11-29,121426,土豆,2.20,广东省广州市江南农副产品市场
2016-11-30,121501,土豆,2.20,广东省广州市江南农副产品市场
2016-12-01,121731,土豆,2.30,广东省广州市江南农副产品市场
2016-12-02,121798,土豆,2.30,广东省广州市江南农副产品市场
2016-12-03,121871,土豆,2.30,广东省广州市江南农副产品市场
2016-12-04,122031,土豆,2.30,广东省广州市江南农副产品市场
2016-12-05,122110,土豆,2.30,广东省广州市江南农副产品市场
2016-12-06,122286,土豆,2.50,广东省广州市江南农副产品市场
2016-12-07,122302,土豆,2.50,广东省广州市江南农副产品市场
2016-12-08,122461,土豆,2.40,广东省广州市江南农副产品市场
2016-12-09,122679,土豆,2.40,广东省广州市江南农副产品市场
2016-12-10,122698,土豆,2.30,广东省广州市江南农副产品市场
2016-12-11,122861,土豆,2.40,广东省广州市江南农副产品市场
2016-12-12,122880,土豆,2.40,广东省广州市江南农副产品市场
2016-12-13,123009,土豆,2.50,广东省广州市江南农副产品市场
2016-12-14,123143,土豆,2.40,广东省广州市江南农副产品市场
2016-12-15,123367,土豆,2.50,广东省广州市江南农副产品市场
2016-12-16,123382,土豆,2.40,广东省广州市江南农副产品市场
2016-12-17,123541,土豆,2.40,广东省广州市江南农副产品市场
2016-12-18,123684,土豆,2.40,广东省广州市江南农副产品市场
2016-12-19,123798,土豆,2.50,广东省广州市江南农副产品市场
2016-12-20,123923,土豆,2.50,广东省广州市江南农副产品市场
2016-12-21,123948,土豆,2.50,广东省广州市江南农副产品市场
2016-12-22,124136,土豆,2.50,广东省广州市江南农副产品市场
2016-12-23,124227,土豆,2.50,广东省广州市江南农副产品市场
2016-12-24,124366,土豆,2.50,广东省广州市江南农副产品市场
2016-12-25,124413,土豆,2.50,广东省广州市江南农副产品市场
2016-12-26,124576,土豆,2.50,广东省广州市江南农副产品市场
2016-12-27,124653,土豆,2.50,广东省广州市江南农副产品市场
2016-12-28,124846,土豆,2.50,广东省广州市江南农副产品市场
2016-12-29,124977,土豆,2.50,广东省广州市江南农副产品市场
2016-12-30,125033,土豆,2.50,广东省广州市江南农副产品市场
2016-12-31,125110,土豆,2.50,广东省广州市江南农副产品市场
2017-01-01,125273,土豆,2.40,广东省广州市江南农副产品市场
2017-01-02,125302,土豆,2.40,广东省广州市江南农副产品市场
2017-01-03,125505,土豆,2.40,广东省广州市江南农副产品市场
2017-01-04,125628,土豆,2.40,广东省广州市江南农副产品市场
2017-01-05,125696,土豆,2.30,广东省广州市江南农副产品市场
2017-01-06,125838,土豆,2.40,广东省广州市江南农副产品市场
2017-01-07,125968,土豆,2.30,广东省广州市江南农副产品市场
2017-01-08,126010,土豆,2.40,广东省广州市江南农副产品市场
2017-01-09,126118,土豆,2.30,广东省广州市江南农副产品市场
2017-01-10,126249,土豆,2.20,广东省广州市江南农副产品市场
2017-01-11,126347,土豆,2.20,广东省广州市江南农副产品市场
2017-01-12,126551,土豆,2.00,广东省广州市江南农副产品市场
2017-01-13,126606,土豆,2.20,广东省广州市江南农副产品市场
2017-01-14,126795,土豆,2.30,广东省广州市江南农副产品市场
2017-01-15,126833,土豆,2.40,广东省广州市江南农副产品市场
2017-01-16,126929,土豆,2.40,广东省广州市江南农副产品市场
2017-01-17,127057,土豆,2.40,广东省广州市江南农副产品市场
2017-01-18,127281,土豆,2.50,广东省广州市江南农副产品市场
2017-01-19,127420,土豆,2.40,广东省广州市江南农副产品市场
2017-01-20,127546,土豆,2.40,广东省广州市江南农副产品市场
2017-01-21,127595,土豆,2.40,广东省广州市江南农副产品市场
2017-01-22,127663,土豆,2.40,广东省广州市江南农副产品市场
2017-01-23,127828,土豆,2.30,广东省广州市江南农副产品市场
2017-01-24,127915,土豆,2.40,广东省广州市江南农副产品市场
2017-01-25,128038,土豆,2.50,广东省广州市江南农副产品市场
2017-01-26,128134,土豆,2.50,广东省广州市江南农副产品市场
2017-01-27,128284,土豆,2.50,广东省广州市江南农副产品市场
2017-01-28,128305,土豆,2.50,广东省广州市江南农副产品市场
2017-01-29,128352,土豆,2.50,广东省广州市江南农副产品市场
2017-01-30,128428,土豆,2.50,广东省广州市江南农副产品市场
2017-01-31,128450,土豆,2.50,广东省广州市江南农副产品市场
2017-02-01,128492,土豆,2.50,广东省广州市江南农副产品市场
2017-02-02,128576,土豆,2.50,广东省广州市江南农副产品市场
2017-02-03,128672,土豆,2.50,广东省广州市江南农副产品市场
2017-02-04,128753,土豆,2.40,广东省广州市江南农副产品市场
2017-02-05,128844,土豆,2.50,广东省广州市江南农副产品市场
2017-02-06,128893,土豆,2.40,广东省广州市江南农副产品市场
2017-02-07,129058,土豆,2.50,广东省广州市江南农副产品市场
2017-02-08,129170,土豆,2.40,广东省广州市江南农副产品市场
2017-02-09,129336,土豆,2.50,广东省广州市江南农副产品市场
2017-02-10,129425,土豆,2.40,广东省广州市江南农副产品市场
2017-02-11,129588,土豆,2.10,广东省广州市江南农副产品市场
2017-02-12,129637,土豆,2.40,广东省广州市江南农副产品市场
2017-02-13,129795,土豆,2.40,广东省广州市江南农副产品市场
2017-02-14,129906,土豆,2.50,广东省广州市江南农副产品市场
2017-02-15,130037,土豆,2.50,广东省广州市江南农副产品市场
2017-02-16,130131,土豆,2.40,广东省广州市江南农副产品市场
2017-02-17,130250,土豆,2.50,广东省广州市江南农副产品市场
2017-02-18,130419,土豆,2.60,广东省广州市江南农副产品市场
2017-02-19,130510,土豆,2.40,广东省广州市江南农副产品市场
2017-02-20,130558,土豆,2.40,广东省广州市江南农副产品市场
2017-02-21,130744,土豆,2.30,广东省广州市江南农副产品市场
2017-02-22,130879,土豆,2.40,广东省广州市江南农副产品市场
2017-02-23,130955,土豆,2.20,广东省广州市江南农副产品市场
2017-02-24,131133,土豆,2.10,广东省广州市江南农副产品市场
2017-02-25,131184,土豆,2.10,广东省广州市江南农副产品市场
2017-02-26,131293,土豆,2.60,广东省广州市江南农副产品市场
2017-02-27,131396,土豆,2.40,广东省广州市江南农副产品市场
2017-02-28,131538,土豆,2.20,广东省广州市江南农副产品市场
2017-03-01,131686,土豆,2.20,广东省广州市江南农副产品市场
2017-03-02,131826,土豆,2.20,广东省广州市江南农副产品市场
2017-03-03,131848,土豆,2.20,广东省广州市江南农副产品市场
2017-03-04,132053,土豆,2.10,广东省广州市江南农副产品市场
2017-03-05,132114,土豆,2.10,广东省广州市江南农副产品市场
2017-03-06,132245,土豆,2.10,广东省广州市江南农副产品市场
2017-03-07,132367,土豆,2.10,广东省广州市江南农副产品市场
2017-03-08,132451,土豆,2.10,广东省广州市江南农副产品市场
2017-03-09,132542,土豆,2.10,广东省广州市江南农副产品市场
2017-03-10,132759,土豆,2.10,广东省广州市江南农副产品市场
2017-03-11,132759,土豆,2.10,广东省广州市江南农副产品市场
2017-03-12,132759,土豆,2.10,广东省广州市江南农副产品市场
2017-03-13,133043,土豆,2.10,广东省广州市江南农副产品市场
2017-03-14,133130,土豆,2.10,广东省广州市江南农副产品市场
2017-03-15,133277,土豆,2.10,广东省广州市江南农副产品市场
2017-03-16,133342,土豆,2.20,广东省广州市江南农副产品市场
2017-03-17,133473,土豆,2.20,广东省广州市江南农副产品市场
2017-03-18,133587,土豆,2.20,广东省广州市江南农副产品市场
2017-03-19,133640,土豆,2.20,广东省广州市江南农副产品市场
2017-03-20,133696,土豆,2.20,广东省广州市江南农副产品市场
2017-03-21,133857,土豆,2.20,广东省广州市江南农副产品市场
2017-03-22,134027,土豆,2.20,广东省广州市江南农副产品市场
2017-03-23,134111,土豆,2.20,广东省广州市江南农副产品市场
2017-03-24,134225,土豆,2.30,广东省广州市江南农副产品市场
2017-03-25,134327,土豆,2.30,广东省广州市江南农副产品市场
2017-03-26,134441,土豆,2.30,广东省广州市江南农副产品市场
2017-03-27,134487,土豆,2.30,广东省广州市江南农副产品市场
2017-03-28,134487,土豆,2.30,广东省广州市江南农副产品市场
2017-03-29,134690,土豆,2.30,广东省广州市江南农副产品市场
2017-03-30,134766,土豆,2.30,广东省广州市江南农副产品市场
2017-03-31,134979,土豆,2.30,广东省广州市江南农副产品市场
2017-04-01,134979,土豆,2.25,广东省广州市江南农副产品市场
2017-04-02,135077,土豆,2.20,广东省广州市江南农副产品市场
2017-04-03,135197,土豆,2.30,广东省广州市江南农副产品市场
2017-04-04,135287,土豆,2.20,广东省广州市江南农副产品市场
2017-04-05,135378,土豆,2.20,广东省广州市江南农副产品市场
2017-04-06,135500,土豆,2.20,广东省广州市江南农副产品市场
2017-04-07,135643,土豆,2.20,广东省广州市江南农副产品市场
2017-04-08,135769,土豆,2.30,广东省广州市江南农副产品市场
2017-04-09,135856,土豆,2.30,广东省广州市江南农副产品市场
2017-04-10,135974,土豆,2.30,广东省广州市江南农副产品市场
2017-04-11,136083,土豆,2.40,广东省广州市江南农副产品市场
2017-04-12,136223,土豆,2.40,广东省广州市江南农副产品市场
2017-04-13,136295,土豆,2.40,广东省广州市江南农副产品市场
2017-04-14,136355,土豆,2.40,广东省广州市江南农副产品市场
2017-04-15,136560,土豆,2.30,广东省广州市江南农副产品市场
2017-04-16,136624,土豆,2.40,广东省广州市江南农副产品市场
2017-04-17,136746,土豆,2.40,广东省广州市江南农副产品市场
2017-04-18,136803,土豆,2.40,广东省广州市江南农副产品市场
2017-04-19,137007,土豆,2.40,广东省广州市江南农副产品市场
2017-04-20,137049,土豆,2.50,广东省广州市江南农副产品市场
2017-04-21,137213,土豆,2.50,广东省广州市江南农副产品市场
2017-04-22,137331,土豆,2.50,广东省广州市江南农副产品市场
2017-04-23,137388,土豆,2.50,广东省广州市江南农副产品市场
2017-04-24,137446,土豆,2.50,广东省广州市江南农副产品市场
2017-04-25,137643,土豆,2.50,广东省广州市江南农副产品市场
2017-04-26,137677,土豆,2.50,广东省广州市江南农副产品市场
2017-04-27,137877,土豆,2.30,广东省广州市江南农副产品市场
2017-04-28,138002,土豆,2.20,广东省广州市江南农副产品市场
2017-04-29,138082,土豆,2.20,广东省广州市江南农副产品市场
2017-04-30,138112,土豆,2.20,广东省广州市江南农副产品市场
2017-05-01,138269,土豆,2.10,广东省广州市江南农副产品市场
2017-05-02,138336,土豆,2.20,广东省广州市江南农副产品市场
2017-05-03,138492,土豆,2.30,广东省广州市江南农副产品市场
2017-05-04,138546,土豆,2.40,广东省广州市江南农副产品市场
2017-05-05,138714,土豆,2.50,广东省广州市江南农副产品市场
2017-05-06,138800,土豆,2.40,广东省广州市江南农副产品市场
2017-05-07,138886,土豆,2.50,广东省广州市江南农副产品市场
2017-05-08,139025,土豆,2.60,广东省广州市江南农副产品市场
2017-05-09,139197,土豆,2.50,广东省广州市江南农副产品市场
2017-05-10,139262,土豆,2.40,广东省广州市江南农副产品市场
2017-05-11,139342,土豆,2.60,广东省广州市江南农副产品市场
2017-05-12,139499,土豆,2.80,广东省广州市江南农副产品市场
2017-05-13,139584,土豆,2.70,广东省广州市江南农副产品市场
2017-05-14,139693,土豆,2.80,广东省广州市江南农副产品市场
2017-05-15,139693,土豆,2.80,广东省广州市江南农副产品市场
2017-05-16,139782,土豆,2.80,广东省广州市江南农副产品市场
2017-05-17,139961,土豆,3.00,广东省广州市江南农副产品市场
2017-05-18,140090,土豆,2.80,广东省广州市江南农副产品市场
2017-05-19,140203,土豆,2.80,广东省广州市江南农副产品市场
2017-05-20,140260,土豆,2.80,广东省广州市江南农副产品市场
2017-05-21,140357,土豆,2.90,广东省广州市江南农副产品市场
2017-05-22,140458,土豆,2.80,广东省广州市江南农副产品市场
2017-05-23,140529,土豆,3.00,广东省广州市江南农副产品市场
2017-05-24,140701,土豆,3.00,广东省广州市江南农副产品市场
2017-05-25,140824,土豆,2.80,广东省广州市江南农副产品市场
2017-05-26,140985,土豆,2.80,广东省广州市江南农副产品市场
2017-05-27,141062,土豆,2.80,广东省广州市江南农副产品市场
2017-05-28,141188,土豆,2.80,广东省广州市江南农副产品市场
2017-05-29,141248,土豆,2.80,广东省广州市江南农副产品市场
2017-05-30,141382,土豆,2.60,广东省广州市江南农副产品市场
2017-05-31,141529,土豆,2.80,广东省广州市江南农副产品市场
2017-06-01,141625,土豆,2.50,广东省广州市江南农副产品市场
2017-06-02,141691,土豆,2.60,广东省广州市江南农副产品市场
2017-06-03,141748,土豆,2.60,广东省广州市江南农副产品市场
2017-06-04,141853,土豆,2.50,广东省广州市江南农副产品市场
2017-06-05,141916,土豆,2.50,广东省广州市江南农副产品市场
2017-06-06,142138,土豆,2.40,广东省广州市江南农副产品市场
2017-06-07,142199,土豆,2.40,广东省广州市江南农副产品市场
2017-06-08,142304,土豆,2.40,广东省广州市江南农副产品市场
2017-06-09,142437,土豆,2.40,广东省广州市江南农副产品市场
2017-06-10,142566,土豆,2.40,广东省广州市江南农副产品市场
2017-06-11,142655,土豆,2.30,广东省广州市江南农副产品市场
2017-06-12,142793,土豆,2.40,广东省广州市江南农副产品市场
2017-06-13,142878,土豆,2.40,广东省广州市江南农副产品市场
2017-06-14,143057,土豆,2.40,广东省广州市江南农副产品市场
2017-06-15,143171,土豆,2.40,广东省广州市江南农副产品市场
2017-06-16,143267,土豆,2.50,广东省广州市江南农副产品市场
2017-06-17,143405,土豆,2.40,广东省广州市江南农副产品市场
2017-06-18,143476,土豆,2.30,广东省广州市江南农副产品市场
2017-06-19,143541,土豆,2.30,广东省广州市江南农副产品市场
2017-06-20,143655,土豆,2.30,广东省广州市江南农副产品市场
2017-06-21,143742,土豆,2.30,广东省广州市江南农副产品市场
2017-06-22,143874,土豆,2.00,广东省广州市江南农副产品市场
2017-06-23,144008,土豆,2.10,广东省广州市江南农副产品市场
2017-06-24,144195,土豆,2.00,广东省广州市江南农副产品市场
2017-06-25,144253,土豆,2.10,广东省广州市江南农副产品市场
2017-06-26,144329,土豆,2.10,广东省广州市江南农副产品市场
2017-06-27,144456,土豆,2.10,广东省广州市江南农副产品市场
2017-06-28,144579,土豆,2.40,广东省广州市江南农副产品市场
2017-06-29,144715,土豆,2.40,广东省广州市江南农副产品市场
2017-06-30,144775,土豆,2.20,广东省广州市江南农副产品市场
2017-07-01,144886,土豆,2.40,广东省广州市江南农副产品市场
2017-07-02,144991,土豆,2.30,广东省广州市江南农副产品市场
2017-07-03,145062,土豆,2.30,广东省广州市江南农副产品市场
2017-07-04,145166,土豆,2.30,广东省广州市江南农副产品市场
2017-07-05,145363,土豆,2.30,广东省广州市江南农副产品市场
2017-07-06,145378,土豆,2.10,广东省广州市江南农副产品市场
2017-07-07,145504,土豆,2.10,广东省广州市江南农副产品市场
2017-07-08,145644,土豆,2.20,广东省广州市江南农副产品市场
2017-07-09,145764,土豆,2.10,广东省广州市江南农副产品市场
2017-07-10,145790,土豆,2.20,广东省广州市江南农副产品市场
2017-07-11,145929,土豆,2.20,广东省广州市江南农副产品市场
2017-07-12,146033,土豆,2.20,广东省广州市江南农副产品市场
2017-07-13,146253,土豆,2.20,广东省广州市江南农副产品市场
2017-07-14,146310,土豆,2.20,广东省广州市江南农副产品市场
2017-07-15,146421,土豆,2.10,广东省广州市江南农副产品市场
2017-07-16,146551,土豆,2.20,广东省广州市江南农副产品市场
2017-07-17,146616,土豆,2.20,广东省广州市江南农副产品市场
2017-07-18,146756,土豆,2.10,广东省广州市江南农副产品市场
2017-07-19,146843,土豆,2.20,广东省广州市江南农副产品市场
2017-07-20,146959,土豆,2.20,广东省广州市江南农副产品市场
2017-07-21,147116,土豆,2.20,广东省广州市江南农副产品市场
2017-07-22,147165,土豆,2.10,广东省广州市江南农副产品市场
2017-07-23,147265,土豆,2.00,广东省广州市江南农副产品市场
2017-07-24,147368,土豆,2.10,广东省广州市江南农副产品市场
2017-07-25,147456,土豆,2.00,广东省广州市江南农副产品市场
2017-07-26,147581,土豆,2.00,广东省广州市江南农副产品市场
2017-07-27,147692,土豆,2.00,广东省广州市江南农副产品市场
2017-07-28,147903,土豆,2.00,广东省广州市江南农副产品市场
2017-07-29,147984,土豆,2.00,广东省广州市江南农副产品市场
2017-07-30,148058,土豆,1.90,广东省广州市江南农副产品市场
2017-07-31,148058,土豆,2.00,广东省广州市江南农副产品市场
2017-08-01,148219,土豆,2.10,广东省广州市江南农副产品市场
2017-08-02,148300,土豆,2.00,广东省广州市江南农副产品市场
2017-08-03,148453,土豆,2.00,广东省广州市江南农副产品市场
2017-08-04,148552,土豆,2.00,广东省广州市江南农副产品市场
2017-08-05,148657,土豆,2.00,广东省广州市江南农副产品市场
2017-08-06,148730,土豆,2.10,广东省广州市江南农副产品市场
2017-08-07,148869,土豆,2.10,广东省广州市江南农副产品市场
2017-08-08,148887,土豆,2.10,广东省广州市江南农副产品市场
2017-08-09,149011,土豆,2.00,广东省广州市江南农副产品市场
2017-08-10,149217,土豆,2.00,广东省广州市江南农副产品市场
2017-08-11,149278,土豆,2.00,广东省广州市江南农副产品市场
2017-08-12,149392,土豆,2.00,广东省广州市江南农副产品市场
2017-08-13,149506,土豆,2.10,广东省广州市江南农副产品市场
2017-08-14,149562,土豆,2.10,广东省广州市江南农副产品市场
2017-08-15,149686,土豆,2.10,广东省广州市江南农副产品市场
2017-08-16,149814,土豆,2.00,广东省广州市江南农副产品市场
2017-08-17,149879,土豆,2.00,广东省广州市江南农副产品市场
2017-08-18,150069,土豆,2.00,广东省广州市江南农副产品市场
2017-08-19,150172,土豆,2.00,广东省广州市江南农副产品市场
2017-08-20,150172,土豆,2.00,广东省广州市江南农副产品市场
2017-08-21,150353,土豆,2.00,广东省广州市江南农副产品市场
2017-08-22,150361,土豆,2.00,广东省广州市江南农副产品市场
2017-08-23,150511,土豆,2.00,广东省广州市江南农副产品市场
2017-08-24,150666,土豆,2.00,广东省广州市江南农副产品市场
2017-08-25,150805,土豆,2.00,广东省广州市江南农副产品市场
2017-08-26,150842,土豆,2.00,广东省广州市江南农副产品市场
2017-08-27,150962,土豆,2.00,广东省广州市江南农副产品市场
2017-08-28,151093,土豆,2.00,广东省广州市江南农副产品市场
2017-08-29,151251,土豆,2.00,广东省广州市江南农副产品市场
2017-08-30,151356,土豆,2.00,广东省广州市江南农副产品市场
2017-08-31,151407,土豆,2.00,广东省广州市江南农副产品市场
2017-09-01,151483,土豆,2.00,广东省广州市江南农副产品市场
2017-09-02,151628,土豆,2.00,广东省广州市江南农副产品市场
2017-09-03,151658,土豆,2.00,广东省广州市江南农副产品市场
2017-09-04,151828,土豆,2.00,广东省广州市江南农副产品市场
2017-09-05,151887,土豆,2.00,广东省广州市江南农副产品市场
2017-09-06,152030,土豆,2.00,广东省广州市江南农副产品市场
2017-09-07,152154,土豆,2.00,广东省广州市江南农副产品市场
2017-09-08,152205,土豆,2.00,广东省广州市江南农副产品市场
2017-09-09,152318,土豆,2.00,广东省广州市江南农副产品市场
2017-09-10,152442,土豆,2.00,广东省广州市江南农副产品市场
2017-09-11,152526,土豆,2.00,广东省广州市江南农副产品市场
2017-09-12,152526,土豆,2.00,广东省广州市江南农副产品市场
2017-09-13,152712,土豆,2.00,广东省广州市江南农副产品市场
2017-09-14,152893,土豆,2.00,广东省广州市江南农副产品市场
2017-09-15,153006,土豆,2.00,广东省广州市江南农副产品市场
2017-09-16,153123,土豆,2.10,广东省广州市江南农副产品市场
2017-09-17,153197,土豆,2.30,广东省广州市江南农副产品市场
2017-09-18,153288,土豆,2.30,广东省广州市江南农副产品市场
2017-09-19,153328,土豆,2.30,广东省广州市江南农副产品市场
2017-09-20,153529,土豆,2.30,广东省广州市江南农副产品市场
2017-09-21,153676,土豆,2.20,广东省广州市江南农副产品市场
2017-09-22,153721,土豆,2.20,广东省广州市江南农副产品市场
2017-09-23,153822,土豆,2.20,广东省广州市江南农副产品市场
2017-09-24,153982,土豆,2.20,广东省广州市江南农副产品市场
2017-09-25,154050,土豆,2.20,广东省广州市江南农副产品市场
2017-09-26,154118,土豆,2.20,广东省广州市江南农副产品市场
2017-09-27,154286,土豆,2.20,广东省广州市江南农副产品市场
2017-09-28,154335,土豆,2.20,广东省广州市江南农副产品市场
2017-09-29,154511,土豆,2.20,广东省广州市江南农副产品市场
2017-09-30,154632,土豆,2.20,广东省广州市江南农副产品市场
2017-10-01,154672,土豆,2.20,广东省广州市江南农副产品市场
2017-10-02,154779,土豆,2.20,广东省广州市江南农副产品市场
2017-10-03,154874,土豆,2.20,广东省广州市江南农副产品市场
2017-10-04,154928,土豆,2.00,广东省广州市江南农副产品市场
2017-10-05,155036,土豆,1.60,广东省广州市江南农副产品市场
2017-10-06,155147,土豆,1.60,广东省广州市江南农副产品市场
2017-10-07,155259,土豆,1.60,广东省广州市江南农副产品市场
2017-10-08,155345,土豆,1.70,广东省广州市江南农副产品市场
2017-10-09,155404,土豆,1.80,广东省广州市江南农副产品市场
2017-10-10,155538,土豆,2.00,广东省广州市江南农副产品市场
2017-10-11,155657,土豆,2.10,广东省广州市江南农副产品市场
2017-10-12,155772,土豆,2.20,广东省广州市江南农副产品市场
2017-10-13,155885,土豆,2.20,广东省广州市江南农副产品市场
2017-10-14,155970,土豆,1.90,广东省广州市江南农副产品市场
2017-10-15,156009,土豆,1.80,广东省广州市江南农副产品市场
2017-10-16,156009,土豆,1.90,广东省广州市江南农副产品市场
2017-10-17,156252,土豆,2.00,广东省广州市江南农副产品市场
2017-10-18,156390,土豆,2.00,广东省广州市江南农副产品市场
2017-10-19,156423,土豆,2.10,广东省广州市江南农副产品市场
2017-10-20,156604,土豆,2.10,广东省广州市江南农副产品市场
2017-10-21,156709,土豆,2.20,广东省广州市江南农副产品市场
2017-10-22,156805,土豆,2.20,广东省广州市江南农副产品市场
2017-10-23,156954,土豆,2.30,广东省广州市江南农副产品市场
2017-10-24,157081,土豆,2.30,广东省广州市江南农副产品市场
2017-10-25,157136,土豆,2.30,广东省广州市江南农副产品市场
2017-10-26,157278,土豆,2.30,广东省广州市江南农副产品市场
2017-10-27,157394,土豆,2.30,广东省广州市江南农副产品市场
2017-10-28,157513,土豆,2.30,广东省广州市江南农副产品市场
2017-10-29,157604,土豆,2.50,广东省广州市江南农副产品市场
2017-10-30,157710,土豆,2.50,广东省广州市江南农副产品市场
2017-10-31,157828,土豆,2.50,广东省广州市江南农副产品市场
2017-11-01,157871,土豆,2.50,广东省广州市江南农副产品市场
2017-11-02,158064,土豆,2.40,广东省广州市江南农副产品市场
2017-11-03,158121,土豆,2.20,广东省广州市江南农副产品市场
2017-11-04,158223,土豆,2.10,广东省广州市江南农副产品市场
2017-11-05,158315,土豆,2.10,广东省广州市江南农副产品市场
2017-11-06,158442,土豆,2.00,广东省广州市江南农副产品市场
2017-11-07,158547,土豆,2.00,广东省广州市江南农副产品市场
2017-11-08,158572,土豆,2.00,广东省广州市江南农副产品市场
2017-11-09,158793,土豆,2.00,广东省广州市江南农副产品市场
2017-11-10,158793,土豆,2.00,广东省广州市江南农副产品市场
2017-11-11,158966,土豆,2.00,广东省广州市江南农副产品市场
2017-11-12,159044,土豆,2.00,广东省广州市江南农副产品市场
2017-11-13,159118,土豆,2.50,广东省广州市江南农副产品市场
2017-11-14,159220,土豆,2.30,广东省广州市江南农副产品市场
2017-11-15,159374,土豆,2.10,广东省广州市江南农副产品市场
2017-11-16,159471,土豆,2.10,广东省广州市江南农副产品市场
2017-11-17,159560,土豆,1.90,广东省广州市江南农副产品市场
2017-11-18,159688,土豆,2.00,广东省广州市江南农副产品市场
2017-11-19,159820,土豆,2.00,广东省广州市江南农副产品市场
2017-11-20,159859,土豆,2.00,广东省广州市江南农副产品市场
2017-11-21,159946,土豆,1.90,广东省广州市江南农副产品市场
2017-11-22,160140,土豆,2.00,广东省广州市江南农副产品市场
2017-11-23,160181,土豆,2.10,广东省广州市江南农副产品市场
2017-11-24,160335,土豆,2.00,广东省广州市江南农副产品市场
2017-11-25,160488,土豆,2.00,广东省广州市江南农副产品市场
2017-11-26,160522,土豆,2.00,广东省广州市江南农副产品市场
2017-11-27,160642,土豆,2.00,广东省广州市江南农副产品市场
2017-11-28,160727,土豆,2.10,广东省广州市江南农副产品市场
2017-11-29,160836,土豆,2.10,广东省广州市江南农副产品市场
2017-11-30,160950,土豆,2.10,广东省广州市江南农副产品市场
2017-12-01,161126,土豆,2.30,广东省广州市江南农副产品市场
2017-12-02,161196,土豆,2.30,广东省广州市江南农副产品市场
2017-12-03,161286,土豆,2.50,广东省广州市江南农副产品市场
2017-12-04,161376,土豆,2.30,广东省广州市江南农副产品市场
2017-12-05,161542,土豆,2.30,广东省广州市江南农副产品市场
2017-12-06,161712,土豆,2.20,广东省广州市江南农副产品市场
2017-12-07,161803,土豆,2.10,广东省广州市江南农副产品市场
2017-12-08,161909,土豆,2.40,广东省广州市江南农副产品市场
2017-12-09,161983,土豆,2.20,广东省广州市江南农副产品市场
2017-12-10,162102,土豆,2.30,广东省广州市江南农副产品市场
2017-12-11,162191,土豆,2.20,广东省广州市江南农副产品市场
2017-12-12,162249,土豆,2.40,广东省广州市江南农副产品市场
2017-12-13,162364,土豆,2.40,广东省广州市江南农副产品市场
2017-12-14,162510,土豆,2.20,广东省广州市江南农副产品市场
2017-12-15,162566,土豆,2.20,广东省广州市江南农副产品市场
2017-12-16,162688,土豆,2.10,广东省广州市江南农副产品市场
2017-12-17,162808,土豆,2.00,广东省广州市江南农副产品市场
2017-12-18,162914,土豆,1.90,广东省广州市江南农副产品市场
2017-12-19,162940,土豆,2.00,广东省广州市江南农副产品市场
2017-12-20,163079,土豆,2.00,广东省广州市江南农副产品市场
2017-12-21,163158,土豆,2.00,广东省广州市江南农副产品市场
2017-12-22,163269,土豆,2.00,广东省广州市江南农副产品市场
2017-12-23,163374,土豆,2.00,广东省广州市江南农副产品市场
2017-12-24,163407,土豆,2.00,广东省广州市江南农副产品市场
2017-12-25,163407,土豆,2.00,广东省广州市江南农副产品市场
2017-12-26,163590,土豆,2.00,广东省广州市江南农副产品市场
2017-12-27,163737,土豆,2.00,广东省广州市江南农副产品市场
2017-12-28,163870,土豆,2.10,广东省广州市江南农副产品市场
2017-12-29,163986,土豆,2.20,广东省广州市江南农副产品市场
2017-12-30,164038,土豆,2.20,广东省广州市江南农副产品市场
2017-12-31,164147,土豆,2.20,广东省广州市江南农副产品市场
2018-01-01,164249,土豆,2.30,广东省广州市江南农副产品市场
2018-01-02,164249,土豆,2.20,广东省广州市江南农副产品市场
2018-01-03,164421,土豆,2.10,广东省广州市江南农副产品市场
2018-01-04,164533,土豆,2.20,广东省广州市江南农副产品市场
2018-01-05,164596,土豆,2.30,广东省广州市江南农副产品市场
2018-01-06,164744,土豆,2.30,广东省广州市江南农副产品市场
2018-01-07,164779,土豆,2.20,广东省广州市江南农副产品市场
2018-01-08,164914,土豆,2.30,广东省广州市江南农副产品市场
2018-01-09,164968,土豆,2.30,广东省广州市江南农副产品市场
2018-01-10,165120,土豆,2.50,广东省广州市江南农副产品市场
2018-01-11,165234,土豆,2.30,广东省广州市江南农副产品市场
2018-01-12,165339,土豆,2.40,广东省广州市江南农副产品市场
2018-01-13,165377,土豆,2.30,广东省广州市江南农副产品市场
2018-01-14,165504,土豆,2.10,广东省广州市江南农副产品市场
2018-01-15,165564,土豆,2.00,广东省广州市江南农副产品市场
2018-01-16,165734,土豆,1.90,广东省广州市江南农副产品市场
2018-01-17,165734,土豆,2.00,广东省广州市江南农副产品市场
2018-01-18,165734,土豆,2.10,广东省广州市江南农副产品市场
2018-01-19,166008,土豆,2.20,广东省广州市江南农副产品市场
2018-01-20,166086,土豆,2.00,广东省广州市江南农副产品市场
2018-01-21,166156,土豆,2.00,广东省广州市江南农副产品市场
2018-01-22,166259,土豆,2.10,广东省广州市江南农副产品市场
2018-01-23,166277,土豆,2.10,广东省广州市江南农副产品市场
2018-01-24,166411,土豆,2.10,广东省广州市江南农副产品市场
2018-01-25,166537,土豆,2.10,广东省广州市江南农副产品市场
2018-01-26,166537,土豆,2.05,广东省广州市江南农副产品市场
2018-01-27,166728,土豆,2.00,广东省广州市江南农副产品市场
2018-01-28,166728,土豆,2.00,广东省广州市江南农副产品市场
2018-01-29,166868,土豆,2.00,广东省广州市江南农副产品市场
2018-01-30,167040,土豆,2.00,广东省广州市江南农副产品市场
2018-01-31,167174,土豆,2.00,广东省广州市江南农副产品市场
2018-02-01,167260,土豆,2.00,广东省广州市江南农副产品市场
2018-02-02,167324,土豆,2.00,广东省广州市江南农副产品市场
2018-02-03,167439,土豆,2.00,广东省广州市江南农副产品市场
2018-02-04,167556,土豆,2.10,广东省广州市江南农副产品市场
2018-02-05,167616,土豆,2.00,广东省广州市江南农副产品市场
2018-02-06,167732,土豆,2.10,广东省广州市江南农副产品市场
2018-02-07,167796,土豆,2.10,广东省广州市江南农副产品市场
2018-02-08,167939,土豆,2.10,广东省广州市江南农副产品市场
2018-02-09,168028,土豆,1.90,广东省广州市江南农副产品市场
2018-02-10,168184,土豆,1.90,广东省广州市江南农副产品市场
2018-02-11,168249,土豆,2.00,广东省广州市江南农副产品市场
2018-02-12,168391,土豆,1.90,广东省广州市江南农副产品市场
2018-02-13,168433,土豆,1.90,广东省广州市江南农副产品市场
2018-02-14,168545,土豆,1.90,广东省广州市江南农副产品市场
2018-02-15,168632,土豆,2.00,广东省广州市江南农副产品市场
2018-02-16,168677,土豆,1.90,广东省广州市江南农副产品市场
2018-02-17,168731,土豆,2.00,广东省广州市江南农副产品市场
2018-02-18,168731,土豆,1.98,广东省广州市江南农副产品市场
2018-02-19,168731,土豆,1.95,广东省广州市江南农副产品市场
2018-02-20,168731,土豆,1.92,广东省广州市江南农副产品市场
2018-02-21,168774,土豆,1.90,广东省广州市江南农副产品市场
2018-02-22,168841,土豆,1.90,广东省广州市江南农副产品市场
2018-02-23,168912,土豆,2.00,广东省广州市江南农副产品市场
2018-02-24,169053,土豆,1.90,广东省广州市江南农副产品市场
2018-02-25,169111,土豆,2.00,广东省广州市江南农副产品市场
2018-02-26,169247,土豆,2.00,广东省广州市江南农副产品市场
2018-02-27,169301,土豆,2.00,广东省广州市江南农副产品市场
2018-02-28,169432,土豆,2.10,广东省广州市江南农副产品市场
2018-03-01,169464,土豆,2.20,广东省广州市江南农副产品市场
2018-03-02,169616,土豆,2.30,广东省广州市江南农副产品市场
2018-03-03,169654,土豆,2.20,广东省广州市江南农副产品市场
2018-03-04,169752,土豆,2.10,广东省广州市江南农副产品市场
2018-03-05,169886,土豆,2.00,广东省广州市江南农副产品市场
2018-03-06,169926,土豆,2.00,广东省广州市江南农副产品市场
2018-03-07,170061,土豆,2.10,广东省广州市江南农副产品市场
2018-03-08,170237,土豆,2.10,广东省广州市江南农副产品市场
2018-03-09,170237,土豆,2.10,广东省广州市江南农副产品市场
2018-03-10,170424,土豆,2.10,广东省广州市江南农副产品市场
2018-03-11,170469,土豆,2.10,广东省广州市江南农副产品市场
2018-03-12,170521,土豆,2.10,广东省广州市江南农副产品市场
2018-03-13,170647,土豆,2.20,广东省广州市江南农副产品市场
2018-03-14,170822,土豆,2.20,广东省广州市江南农副产品市场
2018-03-15,170877,土豆,2.20,广东省广州市江南农副产品市场
2018-03-16,170951,土豆,2.10,广东省广州市江南农副产品市场
2018-03-17,171087,土豆,2.10,广东省广州市江南农副产品市场
2018-03-18,171179,土豆,2.00,广东省广州市江南农副产品市场
2018-03-19,171262,土豆,2.10,广东省广州市江南农副产品市场
2018-03-20,171426,土豆,2.10,广东省广州市江南农副产品市场
2018-03-21,171431,土豆,2.00,广东省广州市江南农副产品市场
2018-03-22,171602,土豆,2.10,广东省广州市江南农副产品市场
2018-03-23,171701,土豆,2.00,广东省广州市江南农副产品市场
2018-03-24,171786,土豆,2.00,广东省广州市江南农副产品市场
2018-03-25,171903,土豆,2.10,广东省广州市江南农副产品市场
2018-03-26,171940,土豆,2.00,广东省广州市江南农副产品市场
2018-03-27,172132,土豆,1.90,广东省广州市江南农副产品市场
2018-03-28,172235,土豆,1.90,广东省广州市江南农副产品市场
2018-03-29,172373,土豆,1.90,广东省广州市江南农副产品市场
2018-03-30,172452,土豆,1.90,广东省广州市江南农副产品市场
2018-03-31,172522,土豆,1.90,广东省广州市江南农副产品市场
2018-04-01,172634,土豆,2.00,广东省广州市江南农副产品市场
2018-04-02,172755,土豆,2.00,广东省广州市江南农副产品市场
2018-04-03,172778,土豆,2.10,广东省广州市江南农副产品市场
2018-04-04,172874,土豆,2.10,广东省广州市江南农副产品市场
2018-04-05,173062,土豆,2.10,广东省广州市江南农副产品市场
2018-04-06,173087,土豆,2.10,广东省广州市江南农副产品市场
2018-04-07,173174,土豆,2.10,广东省广州市江南农副产品市场
2018-04-08,173269,土豆,2.10,广东省广州市江南农副产品市场
2018-04-09,173404,土豆,2.10,广东省广州市江南农副产品市场
2018-04-10,173413,土豆,2.10,广东省广州市江南农副产品市场
2018-04-11,173596,土豆,2.10,广东省广州市江南农副产品市场
2018-04-12,173650,土豆,2.00,广东省广州市江南农副产品市场
2018-04-13,173811,土豆,2.00,广东省广州市江南农副产品市场
2018-04-14,173846,土豆,2.10,广东省广州市江南农副产品市场
2018-04-15,174007,土豆,2.10,广东省广州市江南农副产品市场
2018-04-16,174022,土豆,2.10,广东省广州市江南农副产品市场
2018-04-17,174104,土豆,2.10,广东省广州市江南农副产品市场
2018-04-18,174248,土豆,2.10,广东省广州市江南农副产品市场
2018-04-19,174372,土豆,2.00,广东省广州市江南农副产品市场
2018-04-20,174460,土豆,2.00,广东省广州市江南农副产品市场
2018-04-21,174592,土豆,2.00,广东省广州市江南农副产品市场
2018-04-22,174675,土豆,2.00,广东省广州市江南农副产品市场
2018-04-23,174747,土豆,2.10,广东省广州市江南农副产品市场
2018-04-24,174822,土豆,2.10,广东省广州市江南农副产品市场
2018-04-25,174881,土豆,2.10,广东省广州市江南农副产品市场
2018-04-26,175064,土豆,2.10,广东省广州市江南农副产品市场
2018-04-27,175162,土豆,2.10,广东省广州市江南农副产品市场
2018-04-28,175273,土豆,2.10,广东省广州市江南农副产品市场
2018-04-29,175373,土豆,2.10,广东省广州市江南农副产品市场
2018-04-30,175402,土豆,2.10,广东省广州市江南农副产品市场
2018-05-01,175519,土豆,2.10,广东省广州市江南农副产品市场
2018-05-02,175661,土豆,2.00,广东省广州市江南农副产品市场
2018-05-03,175668,土豆,2.10,广东省广州市江南农副产品市场
2018-05-04,175859,土豆,2.30,广东省广州市江南农副产品市场
2018-05-05,175928,土豆,2.30,广东省广州市江南农副产品市场
2018-05-06,176027,土豆,2.30,广东省广州市江南农副产品市场
2018-05-07,176072,土豆,2.20,广东省广州市江南农副产品市场
2018-05-08,176213,土豆,2.30,广东省广州市江南农副产品市场
2018-05-09,176261,土豆,2.20,广东省广州市江南农副产品市场
2018-05-10,176420,土豆,2.40,广东省广州市江南农副产品市场
2018-05-11,176559,土豆,2.20,广东省广州市江南农副产品市场
2018-05-12,176637,土豆,2.20,广东省广州市江南农副产品市场
2018-05-13,176677,土豆,2.20,广东省广州市江南农副产品市场
2018-05-14,176765,土豆,2.50,广东省广州市江南农副产品市场
2018-05-15,176908,土豆,2.30,广东省广州市江南农副产品市场
2018-05-16,177000,土豆,2.20,广东省广州市江南农副产品市场
2018-05-17,177114,土豆,2.10,广东省广州市江南农副产品市场
2018-05-18,177152,土豆,2.10,广东省广州市江南农副产品市场
2018-05-19,177272,土豆,2.10,广东省广州市江南农副产品市场
2018-05-20,177411,土豆,2.30,广东省广州市江南农副产品市场
2018-05-21,177473,土豆,2.00,广东省广州市江南农副产品市场
2018-05-22,177555,土豆,2.10,广东省广州市江南农副产品市场
2018-05-23,177665,土豆,2.00,广东省广州市江南农副产品市场
2018-05-24,177782,土豆,2.00,广东省广州市江南农副产品市场
2018-05-25,177972,土豆,2.10,广东省广州市江南农副产品市场
2018-05-26,178006,土豆,2.00,广东省广州市江南农副产品市场
2018-05-27,178139,土豆,2.10,广东省广州市江南农副产品市场
2018-05-28,178219,土豆,2.00,广东省广州市江南农副产品市场
2018-05-29,178282,土豆,2.10,广东省广州市江南农副产品市场
2018-05-30,178496,土豆,2.20,广东省广州市江南农副产品市场
2018-05-31,178496,土豆,2.10,广东省广州市江南农副产品市场
2018-06-01,178635,土豆,2.00,广东省广州市江南农副产品市场
2018-06-02,178792,土豆,2.20,广东省广州市江南农副产品市场
2018-06-03,178861,土豆,2.20,广东省广州市江南农副产品市场
2018-06-04,178943,土豆,2.20,广东省广州市江南农副产品市场
2018-06-05,179054,土豆,2.30,广东省广州市江南农副产品市场
2018-06-06,179148,土豆,2.20,广东省广州市江南农副产品市场
2018-06-07,179309,土豆,2.00,广东省广州市江南农副产品市场
2018-06-08,179360,土豆,2.10,广东省广州市江南农副产品市场
2018-06-09,179488,土豆,2.10,广东省广州市江南农副产品市场
2018-06-10,179585,土豆,2.20,广东省广州市江南农副产品市场
2018-06-11,179722,土豆,2.20,广东省广州市江南农副产品市场
2018-06-12,179735,土豆,2.30,广东省广州市江南农副产品市场
2018-06-13,179893,土豆,2.40,广东省广州市江南农副产品市场
2018-06-14,180021,土豆,2.30,广东省广州市江南农副产品市场
2018-06-15,180085,土豆,2.10,广东省广州市江南农副产品市场
2018-06-16,180194,土豆,2.20,广东省广州市江南农副产品市场
2018-06-17,180290,土豆,2.30,广东省广州市江南农副产品市场
2018-06-18,180362,土豆,2.40,广东省广州市江南农副产品市场
2018-06-19,180485,土豆,2.50,广东省广州市江南农副产品市场
2018-06-20,180598,土豆,2.40,广东省广州市江南农副产品市场
2018-06-21,180665,土豆,2.40,广东省广州市江南农副产品市场
2018-06-22,180792,土豆,2.20,广东省广州市江南农副产品市场
2018-06-23,180912,土豆,2.10,广东省广州市江南农副产品市场
2018-06-24,180912,土豆,2.05,广东省广州市江南农副产品市场
2018-06-25,181038,土豆,2.00,广东省广州市江南农副产品市场
2018-06-26,181254,土豆,2.10,广东省广州市江南农副产品市场
2018-06-27,181266,土豆,2.10,广东省广州市江南农副产品市场
2018-06-28,181430,土豆,2.10,广东省广州市江南农副产品市场
2018-06-29,181490,土豆,2.10,广东省广州市江南农副产品市场
2018-06-30,181633,土豆,2.10,广东省广州市江南农副产品市场
2018-07-01,181730,土豆,2.10,广东省广州市江南农副产品市场
2018-07-02,181746,土豆,2.00,广东省广州市江南农副产品市场
2018-07-03,181746,土豆,2.10,广东省广州市江南农副产品市场
2018-07-04,182007,土豆,2.20,广东省广州市江南农副产品市场
2018-07-05,182136,土豆,2.10,广东省广州市江南农副产品市场
2018-07-06,182178,土豆,2.20,广东省广州市江南农副产品市场
2018-07-07,182306,土豆,2.20,广东省广州市江南农副产品市场
2018-07-08,182394,土豆,2.00,广东省广州市江南农副产品市场
2018-07-09,182479,土豆,2.10,广东省广州市江南农副产品市场
2018-07-10,182564,土豆,2.20,广东省广州市江南农副产品市场
2018-07-11,182768,土豆,2.30,广东省广州市江南农副产品市场
2018-07-12,182797,土豆,2.40,广东省广州市江南农副产品市场
2018-07-13,182976,土豆,2.40,广东省广州市江南农副产品市场
2018-07-14,183071,土豆,2.40,广东省广州市江南农副产品市场
2018-07-15,183102,土豆,2.50,广东省广州市江南农副产品市场
2018-07-16,183188,土豆,2.50,广东省广州市江南农副产品市场
2018-07-17,183304,土豆,2.60,广东省广州市江南农副产品市场
2018-07-18,183460,土豆,2.60,广东省广州市江南农副产品市场
2018-07-19,183611,土豆,2.70,广东省广州市江南农副产品市场
2018-07-20,183647,土豆,2.40,广东省广州市江南农副产品市场
2018-07-21,183799,土豆,2.50,广东省广州市江南农副产品市场
2018-07-22,183843,土豆,2.50,广东省广州市江南农副产品市场
2018-07-23,183919,土豆,2.50,广东省广州市江南农副产品市场
2018-07-24,183919,土豆,2.50,广东省广州市江南农副产品市场
2018-07-25,183919,土豆,2.50,广东省广州市江南农副产品市场
2018-07-26,183919,土豆,2.50,广东省广州市江南农副产品市场
2018-07-27,183919,土豆,2.50,广东省广州市江南农副产品市场
2018-07-28,183919,土豆,2.50,广东省广州市江南农副产品市场
2018-07-29,183919,土豆,2.50,广东省广州市江南农副产品市场
2018-07-30,183919,土豆,2.50,广东省广州市江南农副产品市场
2018-07-31,183919,土豆,2.50,广东省广州市江南农副产品市场
2018-08-01,184061,土豆,2.50,广东省广州市江南农副产品市场
2018-08-02,184233,土豆,2.60,广东省广州市江南农副产品市场
2018-08-03,184282,土豆,2.60,广东省广州市江南农副产品市场
2018-08-04,184434,土豆,2.60,广东省广州市江南农副产品市场
2018-08-05,184498,土豆,2.50,广东省广州市江南农副产品市场
2018-08-06,184583,土豆,2.60,广东省广州市江南农副产品市场
2018-08-07,184672,土豆,2.50,广东省广州市江南农副产品市场
2018-08-08,184833,土豆,2.40,广东省广州市江南农副产品市场
2018-08-09,184888,土豆,2.50,广东省广州市江南农副产品市场
2018-08-10,185000,土豆,2.50,广东省广州市江南农副产品市场
2018-08-11,185144,土豆,2.50,广东省广州市江南农副产品市场
2018-08-12,185176,土豆,2.40,广东省广州市江南农副产品市场
2018-08-13,185263,土豆,2.50,广东省广州市江南农副产品市场
2018-08-14,185375,土豆,2.40,广东省广州市江南农副产品市场
2018-08-15,185502,土豆,2.40,广东省广州市江南农副产品市场
2018-08-16,185620,土豆,2.40,广东省广州市江南农副产品市场
2018-08-17,185676,土豆,2.50,广东省广州市江南农副产品市场
2018-08-18,185829,土豆,2.40,广东省广州市江南农副产品市场
2018-08-19,185914,土豆,2.50,广东省广州市江南农副产品市场
2018-08-20,186013,土豆,2.50,广东省广州市江南农副产品市场
2018-08-21,186155,土豆,2.60,广东省广州市江南农副产品市场
2018-08-22,186173,土豆,2.50,广东省广州市江南农副产品市场
2018-08-23,186361,土豆,2.60,广东省广州市江南农副产品市场
2018-08-24,186464,土豆,2.50,广东省广州市江南农副产品市场
2018-08-25,186493,土豆,2.40,广东省广州市江南农副产品市场
2018-08-26,186630,土豆,2.50,广东省广州市江南农副产品市场
2018-08-27,186721,土豆,2.40,广东省广州市江南农副产品市场
2018-08-28,186743,土豆,2.30,广东省广州市江南农副产品市场
2018-08-29,186909,土豆,2.40,广东省广州市江南农副产品市场
2018-08-30,186979,土豆,2.50,广东省广州市江南农副产品市场
2018-08-31,187149,土豆,2.40,广东省广州市江南农副产品市场
2018-09-01,187225,土豆,2.30,广东省广州市江南农副产品市场
2018-09-02,187322,土豆,2.40,广东省广州市江南农副产品市场
2018-09-03,187412,土豆,2.30,广东省广州市江南农副产品市场
2018-09-04,187471,土豆,2.30,广东省广州市江南农副产品市场
2018-09-05,187634,土豆,2.40,广东省广州市江南农副产品市场
2018-09-06,187703,土豆,2.50,广东省广州市江南农副产品市场
2018-09-07,187817,土豆,2.40,广东省广州市江南农副产品市场
2018-09-08,187856,土豆,2.30,广东省广州市江南农副产品市场
2018-09-09,187939,土豆,2.20,广东省广州市江南农副产品市场
2018-09-10,187939,土豆,2.13,广东省广州市江南农副产品市场
2018-09-11,187939,土豆,2.07,广东省广州市江南农副产品市场
2018-09-12,188090,土豆,2.00,广东省广州市江南农副产品市场
2018-09-13,188159,土豆,2.10,广东省广州市江南农副产品市场
2018-09-14,188302,土豆,2.00,广东省广州市江南农副产品市场
2018-09-15,188340,土豆,2.00,广东省广州市江南农副产品市场
2018-09-16,188436,土豆,2.10,广东省广州市江南农副产品市场
2018-09-17,188503,土豆,2.00,广东省广州市江南农副产品市场
2018-09-18,188663,土豆,2.10,广东省广州市江南农副产品市场
2018-09-19,188716,土豆,2.20,广东省广州市江南农副产品市场
2018-09-20,188880,土豆,2.20,广东省广州市江南农副产品市场
2018-09-21,188954,土豆,2.20,广东省广州市江南农副产品市场
2018-09-22,189031,土豆,2.30,广东省广州市江南农副产品市场
2018-09-23,189091,土豆,2.30,广东省广州市江南农副产品市场
2018-09-24,189195,土豆,2.50,广东省广州市江南农副产品市场
2018-09-25,189240,土豆,2.60,广东省广州市江南农副产品市场
2018-09-26,189396,土豆,2.50,广东省广州市江南农副产品市场
2018-09-27,189490,土豆,2.50,广东省广州市江南农副产品市场
2018-09-28,189610,土豆,2.40,广东省广州市江南农副产品市场
2018-09-29,189673,土豆,2.50,广东省广州市江南农副产品市场
2018-09-30,189755,土豆,2.40,广东省广州市江南农副产品市场
2018-10-01,189873,土豆,2.50,广东省广州市江南农副产品市场
